h1,h2,iteration,learning_rate,sigmoid_testError,tanh_testError
2,2,500,0.001,0.920913063,0.362503087
2,2,500,0.011,0.46067423,0.362919876
2,2,500,0.021,0.41202962,0.876389371
2,2,500,0.031,0.396555882,2.84147726
2,2,500,0.041,0.388533891,1.999864258
2,2,500,0.051,0.3834756,1.999991067
2,2,500,0.061,0.379924088,1.999999682
2,2,500,0.071,0.377248809,1.99999579
2,2,500,0.081,0.375118703,1.999985793
2,2,500,0.091,0.373313599,1.999999881
2,2,500,0.101,0.371609337,2
2,2,800,0.001,0.895562732,0.359520005
2,2,800,0.011,0.421530222,0.358628117
2,2,800,0.021,0.394039792,0.87691272
2,2,800,0.031,0.384079039,1.998528443
2,2,800,0.041,0.378615156,1.999548176
2,2,800,0.051,0.375007814,1.999990546
2,2,800,0.061,0.372186469,1.999999681
2,2,800,0.071,0.368565242,1.999995611
2,2,800,0.081,0.770641409,1.999975798
2,2,800,0.091,0.36441644,1.999999881
2,2,800,0.101,0.890462776,2
2,2,1000,0.001,0.88407311,0.358384207
2,2,1000,0.011,0.409830386,0.357106791
2,2,1000,0.021,0.387938162,0.876945436
2,2,1000,0.031,0.379632769,1.997951639
2,2,1000,0.041,0.37493286,1.999918891
2,2,1000,0.051,0.371398544,1.999990159
2,2,1000,0.061,0.363198131,1.999999681
2,2,1000,0.071,0.910349738,1.999995483
2,2,1000,0.081,0.645006836,1.999954346
2,2,1000,0.091,0.366859474,1.999999881
2,2,1000,0.101,0.890462776,2
2,2,1500,0.001,0.837930643,0.356648147
2,2,1500,0.011,0.394591337,0.354939955
2,2,1500,0.021,0.379343726,0.876969512
2,2,1500,0.031,0.372972,1.998274197
2,2,1500,0.041,0.361710677,1.999797548
2,2,1500,0.051,0.801665169,1.999989009
2,2,1500,0.061,0.890452966,1.999999679
2,2,1500,0.071,0.890460958,1.999995126
2,2,1500,0.081,0.364496399,1.999995055
2,2,1500,0.091,0.890462865,1.999999881
2,2,1500,0.101,0.890462774,2
2,2,2000,0.001,0.741607098,0.35563288
2,2,2000,0.011,0.3868104,0.353760667
2,2,2000,0.021,0.37456012,0.876996866
2,2,2000,0.031,0.360025718,1.995663755
2,2,2000,0.041,0.343491028,1.999898912
2,2,2000,0.051,0.352635225,1.999987499
2,2,2000,0.061,0.890457021,1.999999678
2,2,2000,0.071,0.369523584,1.999994707
2,2,2000,0.081,0.890415901,1.999994126
2,2,2000,0.091,0.890462864,1.99999988
2,2,2000,0.101,0.890462772,2
2,2,3000,0.001,0.5803833,0.354530128
2,2,3000,0.011,0.378515843,0.352463293
2,2,3000,0.021,0.355715379,0.877054604
2,2,3000,0.031,0.348571239,1.988855638
2,2,3000,0.041,0.344307035,1.997558896
2,2,3000,0.051,0.35848111,1.999982291
2,2,3000,0.061,0.890452112,1.999999674
2,2,3000,0.071,0.890462868,1.999993602
2,2,3000,0.081,0.365341316,1.999990594
2,2,3000,0.091,0.890462861,1.999999879
2,2,3000,0.101,0.890462769,2
2,2,4000,0.001,0.508444923,0.353879939
2,2,4000,0.011,0.373838993,0.351733292
2,2,4000,0.021,0.350861342,0.877116604
2,2,4000,0.031,0.354616608,1.99268176
2,2,4000,0.041,0.356674541,1.999802731
2,2,4000,0.051,0.356669572,1.999965969
2,2,4000,0.061,0.89035333,1.999999671
2,2,4000,0.071,0.890462866,1.9999919
2,2,4000,0.081,0.358771208,1.999976399
2,2,4000,0.091,0.890462858,1.999999878
2,2,4000,0.101,0.890462766,2
2,2,5000,0.001,0.472377093,0.353454298
2,2,5000,0.011,0.369588817,0.351300656
2,2,5000,0.021,0.260266388,0.877183208
2,2,5000,0.031,0.355087607,1.98237532
2,2,5000,0.041,0.352774592,1.999856879
2,2,5000,0.051,0.359771928,1.99997071
2,2,5000,0.061,0.890460178,1.999999668
2,2,5000,0.071,0.890462863,1.999988943
2,2,5000,0.081,0.364867232,1.999999998
2,2,5000,0.091,0.890462855,1.999999877
2,2,5000,0.101,0.890462762,2
2,3,500,0.001,0.905794703,0.378798514
2,3,500,0.011,0.49438181,0.392683296
2,3,500,0.021,0.401428832,0.874392331
2,3,500,0.031,0.385001441,1.999221413
2,3,500,0.041,0.376408658,1.999985915
2,3,500,0.051,0.360499659,1.996310633
2,3,500,0.061,0.884975739,1.999969869
2,3,500,0.071,0.890463124,1.999999497
2,3,500,0.081,0.364444439,1.999984479
2,3,500,0.091,0.368213326,1.999995049
2,3,500,0.101,0.890459607,1.999999998
2,3,800,0.001,0.894476506,0.372011526
2,3,800,0.011,0.413142371,0.379536136
2,3,800,0.021,0.382335636,0.876488444
2,3,800,0.031,0.363227792,1.994379966
2,3,800,0.041,0.89032215,1.999983077
2,3,800,0.051,0.370058546,1.999999672
2,3,800,0.061,0.890460645,1.999553803
2,3,800,0.071,0.890463126,1.999999491
2,3,800,0.081,0.890446791,1.999972009
2,3,800,0.091,0.887038874,1.999993921
2,3,800,0.101,0.890458937,1.999999998
2,3,1000,0.001,0.892178755,0.370663924
2,3,1000,0.011,0.398522089,0.364204395
2,3,1000,0.021,0.375157843,0.87361866
2,3,1000,0.031,0.3367423,1.991537857
2,3,1000,0.041,0.890421559,1.999980403
2,3,1000,0.051,0.892357148,1.99999967
2,3,1000,0.061,0.890460449,1.999997966
2,3,1000,0.071,0.890463112,1.999999487
2,3,1000,0.081,0.890462595,1.99993975
2,3,1000,0.091,0.89044904,1.999992832
2,3,1000,0.101,0.890458312,1.999999998
2,3,1500,0.001,0.890617652,0.373446642
2,3,1500,0.011,0.382755045,0.890468297
2,3,1500,0.021,0.351906409,0.871588048
2,3,1500,0.031,0.34502532,1.999375325
2,3,1500,0.041,0.800702357,1.999967131
2,3,1500,0.051,0.365837502,1.999999666
2,3,1500,0.061,0.890459759,1.999997775
2,3,1500,0.071,0.890463078,1.999999477
2,3,1500,0.081,0.890462588,1.999999985
2,3,1500,0.091,0.890453099,1.999987016
2,3,1500,0.101,0.890455253,1.999999998
2,3,2000,0.001,0.890020043,0.361960263
2,3,2000,0.011,0.372826838,0.890467177
2,3,2000,0.021,0.340210334,0.87675983
2,3,2000,0.031,0.333581817,1.999847316
2,3,2000,0.041,0.385552784,1.999892538
2,3,2000,0.051,0.357353927,1.999999661
2,3,2000,0.061,0.890458498,1.999997543
2,3,2000,0.071,0.890463044,1.999999467
2,3,2000,0.081,0.890462582,1.999999985
2,3,2000,0.091,0.890443873,1.999931901
2,3,2000,0.101,0.890437879,1.999999998
2,3,3000,0.001,0.858206047,0.126616626
2,3,3000,0.011,0.367291071,0.890465752
2,3,3000,0.021,0.352817296,0.874718686
2,3,3000,0.031,0.257382828,1.999844584
2,3,3000,0.041,0.35757312,1.999999212
2,3,3000,0.051,0.352608138,1.99999965
2,3,3000,0.061,0.89043402,1.999996891
2,3,3000,0.071,0.890462976,1.999999445
2,3,3000,0.081,0.890462568,1.999999985
2,3,3000,0.091,0.890462987,1.999999983
2,3,3000,0.101,0.890462961,1.999999998
2,3,4000,0.001,0.666729122,0.108945213
2,3,4000,0.011,0.318185693,0.890464887
2,3,4000,0.021,0.298692911,0.890463452
2,3,4000,0.031,0.341976797,1.999501846
2,3,4000,0.041,0.357544454,1.999999196
2,3,4000,0.051,0.361608289,1.999999639
2,3,4000,0.061,0.8904472,1.999995759
2,3,4000,0.071,0.890462906,1.99999942
2,3,4000,0.081,0.890462552,1.999999985
2,3,4000,0.091,0.890462963,1.999999983
2,3,4000,0.101,0.890462961,1.999999998
2,3,5000,0.001,0.526003778,0.104511887
2,3,5000,0.011,0.272045373,0.890464308
2,3,5000,0.021,0.072807742,0.890463487
2,3,5000,0.031,0.353393276,1.999685212
2,3,5000,0.041,0.355374824,1.99999918
2,3,5000,0.051,0.354663263,1.999999627
2,3,5000,0.061,0.356488023,1.999993305
2,3,5000,0.071,0.890462833,1.999999394
2,3,5000,0.081,0.890462536,1.999999985
2,3,5000,0.091,0.890462963,1.999999983
2,3,5000,0.101,0.890462961,1.999999998
2,4,500,0.001,0.823554328,0.364609558
2,4,500,0.011,0.406980064,0.890487946
2,4,500,0.021,0.382414583,1.997241182
2,4,500,0.031,0.361277465,1.999922824
2,4,500,0.041,0.36176802,1.999893031
2,4,500,0.051,0.37057426,1.999999828
2,4,500,0.061,0.343085313,3.999981778
2,4,500,0.071,0.375297601,3.999999274
2,4,500,0.081,0.889573429,5.996657602
2,4,500,0.091,0.890462963,5.999932807
2,4,500,0.101,0.890375797,5.999964915
2,4,800,0.001,0.746140521,0.360350208
2,4,800,0.011,0.387928913,0.890465227
2,4,800,0.021,0.346297097,1.883286311
2,4,800,0.031,0.344981634,1.999995019
2,4,800,0.041,0.355825871,1.913926803
2,4,800,0.051,0.890481378,1.999999828
2,4,800,0.061,0.350796707,3.999967881
2,4,800,0.071,0.889930256,3.999999263
2,4,800,0.081,0.890462644,2
2,4,800,0.091,0.890462963,1.999997683
2,4,800,0.101,0.890422792,5.999696526
2,4,1000,0.001,0.693695439,0.358828717
2,4,1000,0.011,0.380932521,0.890454466
2,4,1000,0.021,0.325842054,0.815343803
2,4,1000,0.031,0.319127066,1.999994709
2,4,1000,0.041,0.233225467,1.999990986
2,4,1000,0.051,0.890477553,1.999999827
2,4,1000,0.061,0.890460743,3.999925769
2,4,1000,0.071,0.888982822,3.999999255
2,4,1000,0.081,0.890462844,2
2,4,1000,0.091,0.890462963,1.999997519
2,4,1000,0.101,0.590137714,1.999999996
2,4,1500,0.001,0.585144262,0.356794769
2,4,1500,0.011,0.349646157,0.890423199
2,4,1500,0.021,0.303435468,0.873587803
2,4,1500,0.031,0.322054282,1.999993679
2,4,1500,0.041,0.090561376,1.999987189
2,4,1500,0.051,0.890472604,1.999999827
2,4,1500,0.061,0.890460584,2
2,4,1500,0.071,0.890452676,3.999999236
2,4,1500,0.081,0.890462844,2
2,4,1500,0.091,0.890462963,1.99999697
2,4,1500,0.101,0.899614704,1.999999996
2,4,2000,0.001,0.518454137,0.355809402
2,4,2000,0.011,0.30913269,0.890283733
2,4,2000,0.021,0.115109125,0.878481927
2,4,2000,0.031,0.35473646,1.99999202
2,4,2000,0.041,0.087647073,1.999977764
2,4,2000,0.051,0.890470164,1.999999826
2,4,2000,0.061,0.890460399,2
2,4,2000,0.071,0.890461378,3.999999215
2,4,2000,0.081,0.890462843,2
2,4,2000,0.091,0.890462963,1.999996074
2,4,2000,0.101,0.890463116,1.999999996
2,4,3000,0.001,0.4549456,0.354931973
2,4,3000,0.011,0.338991992,0.890464102
2,4,3000,0.021,0.083993591,0.875056818
2,4,3000,0.031,0.35335006,1.999981042
2,4,3000,0.041,0.12532835,1.999921329
2,4,3000,0.051,0.890467713,1.999999824
2,4,3000,0.061,0.890459916,2
2,4,3000,0.071,0.890461278,3.999999171
2,4,3000,0.081,0.890462842,2
2,4,3000,0.091,0.890462963,1.999989548
2,4,3000,0.101,0.890462557,1.999999996
2,4,4000,0.001,0.427283942,0.354891107
2,4,4000,0.011,0.079467484,0.8904639
2,4,4000,0.021,0.116490731,0.875037667
2,4,4000,0.031,0.331142482,1.999998518
2,4,4000,0.041,0.124030671,1.999999993
2,4,4000,0.051,0.890466466,1.999999823
2,4,4000,0.061,0.890459182,2
2,4,4000,0.071,0.890461098,3.999999121
2,4,4000,0.081,0.89046284,2
2,4,4000,0.091,0.890462963,1.999999709
2,4,4000,0.101,0.890462543,1.999999996
2,4,5000,0.001,0.412205876,0.356082298
2,4,5000,0.011,0.09612153,0.890463737
2,4,5000,0.021,0.124135303,0.875011767
2,4,5000,0.031,0.351917202,1.999998427
2,4,5000,0.041,0.126394727,1.999999993
2,4,5000,0.051,0.890465703,1.999999821
2,4,5000,0.061,0.890457918,2
2,4,5000,0.071,0.890460869,3.999999064
2,4,5000,0.081,0.890462839,2
2,4,5000,0.091,0.890462963,1.999999689
2,4,5000,0.101,0.890462528,1.999999996
2,5,500,0.001,0.890296751,0.890566125
2,5,500,0.011,0.397229086,0.890439145
2,5,500,0.021,0.337083341,1.997737785
2,5,500,0.031,0.361932603,1.999981499
2,5,500,0.041,0.890586559,1.999999325
2,5,500,0.051,0.890443035,1.999995975
2,5,500,0.061,0.884906466,1.999999995
2,5,500,0.071,0.890436951,1.999989196
2,5,500,0.081,0.890461124,1.999998298
2,5,500,0.091,0.890324377,1.999999604
2,5,500,0.101,0.890471792,1.999999531
2,5,800,0.001,0.868607567,0.890292278
2,5,800,0.011,0.369420076,0.890434052
2,5,800,0.021,0.321161228,1.999583393
2,5,800,0.031,0.359843756,1.999964445
2,5,800,0.041,0.890496205,1.999999309
2,5,800,0.051,0.890429098,1.999995314
2,5,800,0.061,0.890464045,1.999999995
2,5,800,0.071,0.89031668,1.999976278
2,5,800,0.081,0.89046099,1.999998113
2,5,800,0.091,0.890461642,1.999999593
2,5,800,0.101,0.890469739,1.999999522
2,5,1000,0.001,0.84426555,0.890031802
2,5,1000,0.011,0.316131884,0.890429175
2,5,1000,0.021,0.359694028,1.999437026
2,5,1000,0.031,0.330438981,1.999908135
2,5,1000,0.041,0.890484389,1.999999297
2,5,1000,0.051,0.890396888,1.999994736
2,5,1000,0.061,0.890464032,1.999999995
2,5,1000,0.071,0.373021796,1.999884385
2,5,1000,0.081,0.890460889,1.999997965
2,5,1000,0.091,0.890461565,1.999999586
2,5,1000,0.101,0.89046884,1.999999516
2,5,1500,0.001,0.728082676,0.403872269
2,5,1500,0.011,0.338211092,0.890403488
2,5,1500,0.021,0.359308831,1.999528832
2,5,1500,0.031,0.342351414,1.999999485
2,5,1500,0.041,0.890472531,1.999999267
2,5,1500,0.051,0.377496073,1.999992379
2,5,1500,0.061,0.890464002,1.999999995
2,5,1500,0.071,0.348764901,3.999990543
2,5,1500,0.081,0.890460582,1.999997469
2,5,1500,0.091,0.890461324,1.999999566
2,5,1500,0.101,0.89046739,1.9999995
2,5,2000,0.001,0.60340317,0.348714273
2,5,2000,0.011,0.312482741,0.89014725
2,5,2000,0.021,0.355252749,1.99830533
2,5,2000,0.031,0.353994173,1.999999469
2,5,2000,0.041,0.89046719,1.999999234
2,5,2000,0.051,0.360178831,1.999986138
2,5,2000,0.061,0.890463973,1.999999995
2,5,2000,0.071,0.3555667,3.999984326
2,5,2000,0.081,0.890460164,1.999996654
2,5,2000,0.091,0.890460977,1.999999545
2,5,2000,0.101,0.890466525,1.999999482
2,5,3000,0.001,0.477452489,0.213814439
2,5,3000,0.011,0.250510449,0.89028877
2,5,3000,0.021,0.34384329,1.997527238
2,5,3000,0.031,0.354219468,1.999999434
2,5,3000,0.041,0.890460175,1.999999158
2,5,3000,0.051,0.355786172,1.999999947
2,5,3000,0.061,0.89046392,1.999999995
2,5,3000,0.071,0.890461866,1.999999999
2,5,3000,0.081,0.890458593,1.999990604
2,5,3000,0.091,0.890459451,1.999999495
2,5,3000,0.101,0.890465535,1.999999443
2,5,4000,0.001,0.4307053,0.175785959
2,5,4000,0.011,0.250018069,0.890462965
2,5,4000,0.021,0.109792299,1.987981747
2,5,4000,0.031,0.103869739,1.999999394
2,5,4000,0.041,0.890449472,1.999999066
2,5,4000,0.051,0.355577803,1.999999947
2,5,4000,0.061,0.890463873,1.999999995
2,5,4000,0.071,0.890461748,1.999999999
2,5,4000,0.081,0.890452347,2
2,5,4000,0.091,0.890443019,1.999999433
2,5,4000,0.101,0.890464982,1.999999396
2,5,5000,0.001,0.40622834,0.152461762
2,5,5000,0.011,0.183394878,0.890462965
2,5,5000,0.021,0.121672187,1.975825465
2,5,5000,0.031,0.127448704,1.999999347
2,5,5000,0.041,0.376780257,1.99999895
2,5,5000,0.051,0.354788042,1.999999946
2,5,5000,0.061,0.89046383,1.999999995
2,5,5000,0.071,0.890461599,1.999999999
2,5,5000,0.081,0.890334124,2
2,5,5000,0.091,0.890462959,1.999999353
2,5,5000,0.101,0.890464629,1.999999339
3,2,500,0.001,0.909255815,0.89071884
3,2,500,0.011,0.44313234,0.890497566
3,2,500,0.021,0.406601285,0.874631412
3,2,500,0.031,0.392796956,1.933178074
3,2,500,0.041,0.382050716,1.999915267
3,2,500,0.051,0.369198126,1.999980186
3,2,500,0.061,0.368848568,1.999941838
3,2,500,0.071,0.342383586,1.999999176
3,2,500,0.081,0.359808978,1.999979841
3,2,500,0.091,0.367770137,1.999999984
3,2,500,0.101,0.890422917,1.99999875
3,2,800,0.001,0.832790035,0.890814156
3,2,800,0.011,0.414400833,0.890485209
3,2,800,0.021,0.390229348,0.876473521
3,2,800,0.031,0.365775243,1.995608639
3,2,800,0.041,0.374270076,1.999863616
3,2,800,0.051,0.368345175,1.999976721
3,2,800,0.061,0.356296173,1.999603772
3,2,800,0.071,0.354211309,1.999999162
3,2,800,0.081,0.353555527,1.999950935
3,2,800,0.091,0.367181148,1.999999984
3,2,800,0.101,0.421106156,1.999998713
3,2,1000,0.001,0.780203546,0.89087348
3,2,1000,0.011,0.404738333,0.890480929
3,2,1000,0.021,0.380140974,0.875127434
3,2,1000,0.031,0.345929104,1.997437602
3,2,1000,0.041,0.368839773,1.999737509
3,2,1000,0.051,0.362567547,1.999973476
3,2,1000,0.061,0.354336097,1.999989355
3,2,1000,0.071,0.353199546,1.999999153
3,2,1000,0.081,0.448966461,1.99891969
3,2,1000,0.091,0.362678453,1.999999984
3,2,1000,0.101,0.908441456,1.999998687
3,2,1500,0.001,0.665200163,0.890871937
3,2,1500,0.011,0.390792662,0.890475087
3,2,1500,0.021,0.324307156,0.87532301
3,2,1500,0.031,0.366348412,1.967754614
3,2,1500,0.041,0.890129797,1.999675203
3,2,1500,0.051,0.358598308,1.999957275
3,2,1500,0.061,0.352633997,1.999985858
3,2,1500,0.071,0.353174865,1.999999128
3,2,1500,0.081,0.369594044,1.999999881
3,2,1500,0.091,0.352712054,1.999999984
3,2,1500,0.101,0.890463177,1.999998617
3,2,2000,0.001,0.589907057,0.376412198
3,2,2000,0.011,0.375643981,0.890472107
3,2,2000,0.021,0.284005752,0.875337964
3,2,2000,0.031,0.360885879,1.995773555
3,2,2000,0.041,0.364756452,1.999839413
3,2,2000,0.051,0.360303903,1.999849675
3,2,2000,0.061,0.352245287,1.999978835
3,2,2000,0.071,0.354696557,1.999999101
3,2,2000,0.081,0.890542113,1.99999988
3,2,2000,0.091,0.346278069,1.999999984
3,2,2000,0.101,0.890463175,1.999998538
3,2,3000,0.001,0.510984998,0.357270743
3,2,3000,0.011,0.294915457,0.890469085
3,2,3000,0.021,0.240899144,0.875338958
3,2,3000,0.031,0.333772057,1.998027928
3,2,3000,0.041,0.359771922,1.999079402
3,2,3000,0.051,0.357710554,1.999989783
3,2,3000,0.061,0.356459272,1.999999737
3,2,3000,0.071,0.349132625,1.999999043
3,2,3000,0.081,0.890456602,1.999999879
3,2,3000,0.091,0.227443563,1.999999984
3,2,3000,0.101,0.890463172,1.999998346
3,2,4000,0.001,0.472834578,0.35538109
3,2,4000,0.011,0.255679295,0.890467559
3,2,4000,0.021,0.230552512,0.875338891
3,2,4000,0.031,0.357070383,1.987979195
3,2,4000,0.041,0.359675788,1.996723522
3,2,4000,0.051,0.357304354,1.999987281
3,2,4000,0.061,0.220071826,1.999999734
3,2,4000,0.071,0.215660756,1.999998977
3,2,4000,0.081,0.890447944,1.999999878
3,2,4000,0.091,0.230154773,1.999999984
3,2,4000,0.101,0.890463169,1.999998089
3,2,5000,0.001,0.450888908,0.354494267
3,2,5000,0.011,0.24244569,0.890466638
3,2,5000,0.021,0.223715813,0.875338819
3,2,5000,0.031,0.334172191,1.995918509
3,2,5000,0.041,0.354833663,1.99939499
3,2,5000,0.051,0.341823643,1.999982646
3,2,5000,0.061,0.206667272,1.999999732
3,2,5000,0.071,0.205873952,1.999998901
3,2,5000,0.081,0.782486006,1.999999877
3,2,5000,0.091,0.242565714,1.999999984
3,2,5000,0.101,0.890463166,1.999997729
3,3,500,0.001,0.899330888,0.372243624
3,3,500,0.011,0.299024076,0.890452621
3,3,500,0.021,0.297826838,1.969931059
3,3,500,0.031,0.408283539,1.999928029
3,3,500,0.041,0.358659997,1.999971739
3,3,500,0.051,0.357777074,1.999996628
3,3,500,0.061,0.400264204,1.999996699
3,3,500,0.071,0.890462423,1.999999999
3,3,500,0.081,0.890514465,1.999999994
3,3,500,0.091,0.380043217,1.999999819
3,3,500,0.101,0.890530855,3.99994492
3,3,800,0.001,0.840403265,0.370216709
3,3,800,0.011,0.215291717,0.890450904
3,3,800,0.021,0.364658583,0.878747768
3,3,800,0.031,0.334981831,1.999831065
3,3,800,0.041,0.355202774,1.999965523
3,3,800,0.051,0.355015036,1.999996425
3,3,800,0.061,0.373157588,1.999996397
3,3,800,0.071,0.378781065,1.999999999
3,3,800,0.081,0.890493719,1.999999994
3,3,800,0.091,0.353235841,1.999999817
3,3,800,0.101,0.890493852,2
3,3,1000,0.001,0.790725735,0.374102526
3,3,1000,0.011,0.161905611,0.890449392
3,3,1000,0.021,0.254183435,0.87619229
3,3,1000,0.031,0.198046601,1.993779865
3,3,1000,0.041,0.354559691,1.999959437
3,3,1000,0.051,0.35389656,1.999996275
3,3,1000,0.061,0.890517007,1.999996163
3,3,1000,0.071,0.369050267,1.999999999
3,3,1000,0.081,0.890488342,1.999999994
3,3,1000,0.091,0.893538465,1.999999815
3,3,1000,0.101,0.890486372,2
3,3,1500,0.001,0.628990613,0.181921411
3,3,1500,0.011,0.109718678,0.890443112
3,3,1500,0.021,0.148268234,0.876148608
3,3,1500,0.031,0.119468762,1.999727576
3,3,1500,0.041,0.161150474,1.999923723
3,3,1500,0.051,0.16619312,1.999995836
3,3,1500,0.061,0.890488837,1.999995414
3,3,1500,0.071,0.362295008,1.999999999
3,3,1500,0.081,0.890482069,1.999999994
3,3,1500,0.091,0.890473907,1.99999981
3,3,1500,0.101,0.89047826,2
3,3,2000,0.001,0.494091159,0.206023443
3,3,2000,0.011,0.108885889,0.890425355
3,3,2000,0.021,0.133755803,0.876160724
3,3,2000,0.031,0.128617994,1.99986456
3,3,2000,0.041,0.127593092,1.999691318
3,3,2000,0.051,0.102991327,1.999995276
3,3,2000,0.061,0.890480333,1.999994296
3,3,2000,0.071,0.359804069,1.999999999
3,3,2000,0.081,0.890447444,1.999999994
3,3,2000,0.091,0.890464503,1.999999805
3,3,2000,0.101,0.890474386,2
3,3,3000,0.001,0.391161368,0.14256513
3,3,3000,0.011,0.119135366,0.890461162
3,3,3000,0.021,0.127745459,0.876187046
3,3,3000,0.031,0.129726832,1.999980018
3,3,3000,0.041,0.134839238,1.999868511
3,3,3000,0.051,0.164407228,1.999993509
3,3,3000,0.061,0.890473661,1.999988793
3,3,3000,0.071,0.357500236,1.999999999
3,3,3000,0.081,0.890462955,1.999999994
3,3,3000,0.091,0.890448456,1.999999794
3,3,3000,0.101,0.890462935,2
3,3,4000,0.001,0.342005114,0.135115473
3,3,4000,0.011,0.125334241,0.890461036
3,3,4000,0.021,0.131459539,0.876214955
3,3,4000,0.031,0.131332652,1.999969429
3,3,4000,0.041,0.125746632,1.999969637
3,3,4000,0.051,0.148292829,1.999989537
3,3,4000,0.061,0.890470772,1.999580271
3,3,4000,0.071,0.356334485,1.999999999
3,3,4000,0.081,0.890462955,1.999999994
3,3,4000,0.091,0.361526333,1.999999781
3,3,4000,0.101,0.890462934,2
3,3,5000,0.001,0.303023542,0.131581105
3,3,5000,0.011,0.128365982,0.890460894
3,3,5000,0.021,0.132026635,0.876244616
3,3,5000,0.031,0.128003149,1.999880027
3,3,5000,0.041,0.139428993,1.999999255
3,3,5000,0.051,0.125381762,1.999972383
3,3,5000,0.061,0.890469129,1.999999923
3,3,5000,0.071,0.355599735,1.999999999
3,3,5000,0.081,0.890462955,1.999999994
3,3,5000,0.091,0.358114373,1.999999765
3,3,5000,0.101,0.890462934,2
3,4,500,0.001,0.894379684,0.385003479
3,4,500,0.011,0.412507219,0.892593869
3,4,500,0.021,0.35406092,1.999672295
3,4,500,0.031,0.369764239,1.999996795
3,4,500,0.041,0.890323729,3.999997249
3,4,500,0.051,0.890495716,1.999999784
3,4,500,0.061,0.456957998,1.999983628
3,4,500,0.071,0.890502568,1.999998316
3,4,500,0.081,0.381806804,4.199979235
3,4,500,0.091,0.890436123,4.199996405
3,4,500,0.101,0.775261161,2
3,4,800,0.001,0.872392675,0.374778231
3,4,800,0.011,0.370008012,0.890608292
3,4,800,0.021,0.333307658,1.998279126
3,4,800,0.031,0.365138657,1.999996698
3,4,800,0.041,0.394924711,3.999997206
3,4,800,0.051,0.89046615,1.999999782
3,4,800,0.061,0.359190875,1.999999935
3,4,800,0.071,0.890489682,1.999998192
3,4,800,0.081,0.828548557,4.199966649
3,4,800,0.091,0.890455272,4.199996044
3,4,800,0.101,0.890455408,2
3,4,1000,0.001,0.848801013,0.386125418
3,4,1000,0.011,0.343180886,0.89048492
3,4,1000,0.021,0.31157351,1.999674189
3,4,1000,0.031,0.354265584,1.99999663
3,4,1000,0.041,0.359438631,3.999997176
3,4,1000,0.051,0.890466982,1.999999782
3,4,1000,0.061,0.361742752,1.999999935
3,4,1000,0.071,0.890485288,1.999998098
3,4,1000,0.081,0.871284981,4.199940772
3,4,1000,0.091,0.890453676,4.19999576
3,4,1000,0.101,0.890445814,2
3,4,1500,0.001,0.752636177,0.233448157
3,4,1500,0.011,0.342190876,0.890461872
3,4,1500,0.021,0.146588665,1.998855149
3,4,1500,0.031,0.355385904,1.999996443
3,4,1500,0.041,0.374235176,3.9999971
3,4,1500,0.051,0.890458782,1.99999978
3,4,1500,0.061,0.36484094,1.999999935
3,4,1500,0.071,0.890479308,1.999997816
3,4,1500,0.081,0.890462725,1.999998397
3,4,1500,0.091,0.890442616,4.199994833
3,4,1500,0.101,0.364152804,2
3,4,2000,0.001,0.643034681,0.146412024
3,4,2000,0.011,0.280822346,0.890461492
3,4,2000,0.021,0.117879235,1.995943665
3,4,2000,0.031,0.093486276,1.999996228
3,4,2000,0.041,0.335730485,3.999997019
3,4,2000,0.051,0.890445184,1.999999778
3,4,2000,0.061,0.357675914,1.999999935
3,4,2000,0.071,0.890476056,1.999997435
3,4,2000,0.081,0.890462721,1.999998169
3,4,2000,0.091,0.890462873,4.199993386
3,4,2000,0.101,0.890462904,2
3,4,3000,0.001,0.508571741,0.100041458
3,4,3000,0.011,0.080851904,0.890461016
3,4,3000,0.021,0.122576898,1.953464035
3,4,3000,0.031,0.092132883,1.999995683
3,4,3000,0.041,0.312431814,3.999996842
3,4,3000,0.051,0.356377106,1.999999774
3,4,3000,0.061,0.35628782,1.999999934
3,4,3000,0.071,1.053686152,1.999996062
3,4,3000,0.081,0.890462714,1.999997441
3,4,3000,0.091,0.890462873,4.199984983
3,4,3000,0.101,0.890462903,2
3,4,4000,0.001,0.450382575,0.104898282
3,4,4000,0.011,0.104403324,0.890460412
3,4,4000,0.021,0.123323305,1.998345562
3,4,4000,0.031,0.118371347,1.999994892
3,4,4000,0.041,0.305281712,3.999996644
3,4,4000,0.051,0.355162702,1.99999977
3,4,4000,0.061,0.35491482,1.999999933
3,4,4000,0.071,0.890462529,1.999991527
3,4,4000,0.081,0.890462707,1.999995754
3,4,4000,0.091,0.890462872,2
3,4,4000,0.101,0.890462903,2
3,4,5000,0.001,0.421811983,0.109118514
3,4,5000,0.011,0.119738355,0.890459582
3,4,5000,0.021,0.12768729,1.99697674
3,4,5000,0.031,0.127401877,1.999993625
3,4,5000,0.041,0.352519203,3.999996418
3,4,5000,0.051,0.353841182,1.999999765
3,4,5000,0.061,0.354317222,1.999999933
3,4,5000,0.071,0.890462518,2
3,4,5000,0.081,0.8904627,1.999987535
3,4,5000,0.091,0.890462871,2
3,4,5000,0.101,0.890462903,2
3,5,500,0.001,0.86264962,0.3829331
3,5,500,0.011,0.381231709,0.906064267
3,5,500,0.021,0.315605292,1.999478668
3,5,500,0.031,0.347407271,1.999998854
3,5,500,0.041,0.768826558,1.999997898
3,5,500,0.051,0.369669023,1.999999999
3,5,500,0.061,0.890492479,1.999999997
3,5,500,0.071,0.890477521,2
3,5,500,0.081,0.890450669,3.999999174
3,5,500,0.091,0.890503331,1.999999979
3,5,500,0.101,0.890495598,4.199999986
3,5,800,0.001,0.806947528,0.358142698
3,5,800,0.011,0.295473497,0.899083856
3,5,800,0.021,0.166075873,1.999787852
3,5,800,0.031,0.314758028,1.999998833
3,5,800,0.041,0.362028346,1.999997765
3,5,800,0.051,0.392042945,1.999999999
3,5,800,0.061,0.889840628,1.999999997
3,5,800,0.071,0.890476668,2
3,5,800,0.081,0.890388967,3.999999153
3,5,800,0.091,0.890491648,1.999999979
3,5,800,0.101,0.890462089,4.199999986
3,5,1000,0.001,0.758738423,0.356435131
3,5,1000,0.011,0.187615874,0.896059137
3,5,1000,0.021,0.127100141,1.999390556
3,5,1000,0.031,0.356921175,1.999998817
3,5,1000,0.041,0.359164319,1.999997665
3,5,1000,0.051,0.355888874,1.999999999
3,5,1000,0.061,1.078270055,1.999999997
3,5,1000,0.071,0.890480336,2
3,5,1000,0.081,0.890434893,3.999999139
3,5,1000,0.091,0.890487721,1.999999979
3,5,1000,0.101,0.890462076,4.199999986
3,5,1500,0.001,0.629265484,0.356997541
3,5,1500,0.011,0.082850481,0.892387502
3,5,1500,0.021,0.120332074,1.999686052
3,5,1500,0.031,0.356028158,1.999998778
3,5,1500,0.041,0.300680006,1.999997367
3,5,1500,0.051,0.361298182,1.999999999
3,5,1500,0.061,0.890461759,1.999999997
3,5,1500,0.071,0.890522159,2
3,5,1500,0.081,0.890461295,3.999999102
3,5,1500,0.091,0.499553016,1.999999979
3,5,1500,0.101,0.890462042,4.199999986
3,5,2000,0.001,0.535994145,0.366017614
3,5,2000,0.011,0.090043257,0.891134901
3,5,2000,0.021,0.123586001,1.996977236
3,5,2000,0.031,0.306939552,1.999998735
3,5,2000,0.041,0.304439736,1.999996971
3,5,2000,0.051,0.358817065,1.999999999
3,5,2000,0.061,0.890461479,1.999999997
3,5,2000,0.071,0.890270113,2
3,5,2000,0.081,0.890461087,3.999999061
3,5,2000,0.091,0.890448103,1.999999978
3,5,2000,0.101,0.890462005,4.199999986
3,5,3000,0.001,0.447784866,0.184218161
3,5,3000,0.011,0.116243509,0.890547449
3,5,3000,0.021,0.126797361,1.993797262
3,5,3000,0.031,0.352894534,1.999998639
3,5,3000,0.041,0.354025888,1.999995588
3,5,3000,0.051,0.077702584,1.999999999
3,5,3000,0.061,0.890460633,1.999999997
3,5,3000,0.071,0.365934947,2
3,5,3000,0.081,0.890460449,3.999998966
3,5,3000,0.091,0.891094022,1.999999978
3,5,3000,0.101,0.890461919,4.199999986
3,5,4000,0.001,0.412372676,0.137115809
3,5,4000,0.011,0.126239577,0.890473918
3,5,4000,0.021,0.127257587,1.999754734
3,5,4000,0.031,0.120254537,1.999998525
3,5,4000,0.041,0.353377324,1.999991438
3,5,4000,0.051,0.117289149,1.999999999
3,5,4000,0.061,0.890456922,1.999999997
3,5,4000,0.071,0.355897686,2
3,5,4000,0.081,0.890459105,3.999998851
3,5,4000,0.091,0.89046159,1.999999978
3,5,4000,0.101,0.890461814,4.199999986
3,5,5000,0.001,0.390680842,0.111075198
3,5,5000,0.011,0.130017349,0.890464435
3,5,5000,0.021,0.129568575,1.999907764
3,5,5000,0.031,0.122226504,1.999998388
3,5,5000,0.041,0.353345604,4.178613732
3,5,5000,0.051,0.125672765,1.999999999
3,5,5000,0.061,0.357399927,1.999999997
3,5,5000,0.071,0.353978615,2
3,5,5000,0.081,0.890454257,3.999998707
3,5,5000,0.091,0.890460994,1.999999978
3,5,5000,0.101,0.890461683,4.199999986
4,2,500,0.001,0.853272344,0.403901548
4,2,500,0.011,0.429539288,0.352196883
4,2,500,0.021,0.348354651,1.839562411
4,2,500,0.031,0.30315032,1.994607771
4,2,500,0.041,0.32601498,1.999771622
4,2,500,0.051,0.348864012,1.999990398
4,2,500,0.061,0.274638354,1.999984011
4,2,500,0.071,0.276581644,1.999998662
4,2,500,0.081,0.317720736,1.999995569
4,2,500,0.091,0.277978879,1.999994283
4,2,500,0.101,0.89046295,1.999981713
4,2,800,0.001,0.779640112,0.367567036
4,2,800,0.011,0.38674676,0.351952483
4,2,800,0.021,0.267021898,1.617296438
4,2,800,0.031,0.253797435,1.995087586
4,2,800,0.041,0.269858284,1.999859926
4,2,800,0.051,0.269870546,1.999989752
4,2,800,0.061,0.252486705,1.999978571
4,2,800,0.071,0.268043534,1.999998632
4,2,800,0.081,0.285869193,1.999995059
4,2,800,0.091,0.315918806,1.999993479
4,2,800,0.101,0.89046295,1.99996831
4,2,1000,0.001,0.737801675,0.364628638
4,2,1000,0.011,0.326876997,0.351840133
4,2,1000,0.021,0.243599346,1.816817651
4,2,1000,0.031,0.244715194,1.990854263
4,2,1000,0.041,0.254287755,1.999748284
4,2,1000,0.051,0.254656024,1.999989266
4,2,1000,0.061,0.230898201,1.999971658
4,2,1000,0.071,0.237006091,1.999998611
4,2,1000,0.081,0.245593242,1.999994648
4,2,1000,0.091,0.283896973,1.999992805
4,2,1000,0.101,0.89046295,1.999937192
4,2,1500,0.001,0.650329973,0.360871631
4,2,1500,0.011,0.260654843,0.35164154
4,2,1500,0.021,0.239805527,1.699681945
4,2,1500,0.031,0.230248954,1.972433118
4,2,1500,0.041,0.237114409,1.999847035
4,2,1500,0.051,0.23906481,1.999987796
4,2,1500,0.061,0.218971818,1.999686561
4,2,1500,0.071,0.212453586,1.999998555
4,2,1500,0.081,0.22709186,1.999993245
4,2,1500,0.091,0.242921474,1.999990299
4,2,1500,0.101,0.89046295,1.999999595
4,2,2000,0.001,0.585897812,0.358828073
4,2,2000,0.011,0.239804693,0.351506633
4,2,2000,0.021,0.239613841,1.291962704
4,2,2000,0.031,0.233657951,1.998426159
4,2,2000,0.041,0.232324517,1.999869447
4,2,2000,0.051,0.230709794,1.999985802
4,2,2000,0.061,0.227673318,1.999996769
4,2,2000,0.071,0.224887391,1.999998495
4,2,2000,0.081,0.220521941,1.999990844
4,2,2000,0.091,0.212345992,1.999985113
4,2,2000,0.101,0.89046295,1.999999586
4,2,3000,0.001,0.507304745,0.356591791
4,2,3000,0.011,0.24451646,0.351328843
4,2,3000,0.021,0.235146051,0.912893511
4,2,3000,0.031,0.228685184,2.785901379
4,2,3000,0.041,0.225111043,1.999889596
4,2,3000,0.051,0.220386251,1.999978341
4,2,3000,0.061,0.226672792,1.999996387
4,2,3000,0.071,0.216432709,1.999998357
4,2,3000,0.081,0.213086493,1.999968321
4,2,3000,0.091,0.220268676,1.999999998
4,2,3000,0.101,0.89046295,1.999999565
4,2,4000,0.001,0.465032235,0.355409547
4,2,4000,0.011,0.240339003,0.351213769
4,2,4000,0.021,0.22971373,0.908929225
4,2,4000,0.031,0.22405998,1.989416479
4,2,4000,0.041,0.220426389,1.999491589
4,2,4000,0.051,0.217899617,1.999944533
4,2,4000,0.061,0.214696644,1.999995868
4,2,4000,0.071,0.213678504,1.999998192
4,2,4000,0.081,0.211358862,1.999999986
4,2,4000,0.091,0.211933858,1.999999998
4,2,4000,0.101,0.89046295,1.999999541
4,2,5000,0.001,0.439183834,0.354652174
4,2,5000,0.011,0.236694978,0.351131722
4,2,5000,0.021,0.225524025,0.908921359
4,2,5000,0.031,0.220260679,1.997888068
4,2,5000,0.041,0.216829759,1.999122937
4,2,5000,0.051,0.214400929,1.99983686
4,2,5000,0.061,0.211918868,1.999995096
4,2,5000,0.071,0.210461106,1.99999799
4,2,5000,0.081,0.208464871,1.999999986
4,2,5000,0.091,0.208110376,1.999999998
4,2,5000,0.101,0.89046295,1.999999515
4,3,500,0.001,0.903844925,0.371621548
4,3,500,0.011,0.330468134,0.890459099
4,3,500,0.021,0.146594769,1.983845695
4,3,500,0.031,0.167282912,1.999982098
4,3,500,0.041,0.229019797,1.999977953
4,3,500,0.051,0.317940954,1.999999857
4,3,500,0.061,0.359564625,1.999999999
4,3,500,0.071,0.358196524,1.999991506
4,3,500,0.081,0.890433281,1.999996944
4,3,500,0.091,0.360283168,1.999995951
4,3,500,0.101,0.890336186,1.999998903
4,3,800,0.001,0.89257376,0.141821624
4,3,800,0.011,0.161993149,0.890437957
4,3,800,0.021,0.097038935,1.748978399
4,3,800,0.031,0.090886073,1.999979699
4,3,800,0.041,0.088880202,1.999973606
4,3,800,0.051,0.347412661,1.999999857
4,3,800,0.061,0.355963169,1.999999999
4,3,800,0.071,0.356794658,1.999990129
4,3,800,0.081,0.889813339,1.999996772
4,3,800,0.091,0.36896048,1.999995515
4,3,800,0.101,0.367534742,1.999998832
4,3,1000,0.001,0.890596344,0.236806419
4,3,1000,0.011,0.108645567,0.890416524
4,3,1000,0.021,0.079007366,1.996448248
4,3,1000,0.031,0.068016335,1.999977538
4,3,1000,0.041,0.065334713,1.999969354
4,3,1000,0.051,0.091630462,1.999999857
4,3,1000,0.061,0.35520591,1.999999999
4,3,1000,0.071,0.355042019,1.999988904
4,3,1000,0.081,0.37823576,1.999996646
4,3,1000,0.091,0.354864619,1.999995163
4,3,1000,0.101,0.363602764,1.99999878
4,3,1500,0.001,0.886587708,0.176117516
4,3,1500,0.011,0.088484944,0.93132805
4,3,1500,0.021,0.085383319,1.936033429
4,3,1500,0.031,0.084024245,1.999967709
4,3,1500,0.041,0.09271433,1.999942627
4,3,1500,0.051,0.071298422,1.999999857
4,3,1500,0.061,0.353960823,1.999999999
4,3,1500,0.071,0.353827981,1.999983531
4,3,1500,0.081,0.375329645,1.999996283
4,3,1500,0.091,0.354989984,1.999993944
4,3,1500,0.101,0.359647104,1.999998626
4,3,2000,0.001,0.876610395,0.152798796
4,3,2000,0.011,0.103030487,0.890451328
4,3,2000,0.021,0.109226811,1.906139196
4,3,2000,0.031,0.109898614,1.999925683
4,3,2000,0.041,0.119910294,1.999966993
4,3,2000,0.051,0.108786809,1.999999856
4,3,2000,0.061,0.372744995,1.999999999
4,3,2000,0.071,0.351919683,1.999961159
4,3,2000,0.081,0.366717133,1.999995831
4,3,2000,0.091,0.354437615,1.999991785
4,3,2000,0.101,0.357853162,1.999998429
4,3,3000,0.001,0.725850949,0.132810391
4,3,3000,0.011,0.117892672,0.890401221
4,3,3000,0.021,0.121313875,1.998678227
4,3,3000,0.031,0.118598023,1.999907391
4,3,3000,0.041,0.125271298,1.99999074
4,3,3000,0.051,0.124383456,1.999999855
4,3,3000,0.061,0.352080457,1.999999999
4,3,3000,0.071,0.330354895,1.999971619
4,3,3000,0.081,0.890459989,1.999994493
4,3,3000,0.091,0.183163948,1.999962703
4,3,3000,0.101,0.356248831,1.999997792
4,3,4000,0.001,0.436589424,0.124642596
4,3,4000,0.011,0.12465356,0.890463168
4,3,4000,0.021,0.126995532,1.976283582
4,3,4000,0.031,0.128556344,1.999979018
4,3,4000,0.041,0.127327762,1.999986432
4,3,4000,0.051,0.127575683,1.999999854
4,3,4000,0.061,0.194377352,1.999999999
4,3,4000,0.071,0.055797001,1.999999989
4,3,4000,0.081,0.890459257,1.999991882
4,3,4000,0.091,0.119878193,1.999998871
4,3,4000,0.101,0.890462595,1.999996287
4,3,5000,0.001,0.362462961,0.119956553
4,3,5000,0.011,0.126709502,0.890463153
4,3,5000,0.021,0.127753711,1.994133189
4,3,5000,0.031,0.129135753,1.999963912
4,3,5000,0.041,0.128395593,1.999973131
4,3,5000,0.051,0.127703901,1.999999854
4,3,5000,0.061,0.124998611,1.999999999
4,3,5000,0.071,0.133727314,1.999999989
4,3,5000,0.081,0.890457861,1.999984464
4,3,5000,0.091,0.177013715,1.999998611
4,3,5000,0.101,0.357302568,1.999988315
4,4,500,0.001,0.864853871,0.221697479
4,4,500,0.011,0.405373812,0.895789766
4,4,500,0.021,0.377249531,1.999160912
4,4,500,0.031,0.254224776,1.999971239
4,4,500,0.041,0.15896989,1.99999921
4,4,500,0.051,0.378587545,1.999997105
4,4,500,0.061,0.364717875,1.999956931
4,4,500,0.071,0.325514847,1.999999569
4,4,500,0.081,0.88915523,5.799999017
4,4,500,0.091,0.361705217,4.199997774
4,4,500,0.101,0.890421532,5.799819361
4,4,800,0.001,0.805015447,0.258699655
4,4,800,0.011,0.314820335,0.890420552
4,4,800,0.021,0.169734713,1.999823097
4,4,800,0.031,0.147092236,1.999960484
4,4,800,0.041,0.152154136,1.999999201
4,4,800,0.051,0.360722007,1.99999686
4,4,800,0.061,0.129389972,1.999999861
4,4,800,0.071,0.157822287,1.999999564
4,4,800,0.081,0.348674623,5.799999
4,4,800,0.091,0.247376762,4.199997641
4,4,800,0.101,0.890467697,5.799999386
4,4,1000,0.001,0.754235856,0.178888802
4,4,1000,0.011,0.2432234,0.890395154
4,4,1000,0.021,0.130398765,1.9992369
4,4,1000,0.031,0.11253136,1.999946107
4,4,1000,0.041,0.114780177,1.999999195
4,4,1000,0.051,0.359179355,1.999996672
4,4,1000,0.061,0.114700809,1.99999986
4,4,1000,0.071,0.126686591,1.99999956
4,4,1000,0.081,0.360083051,5.799998989
4,4,1000,0.091,0.086043693,4.199997544
4,4,1000,0.101,0.890466756,5.79999938
4,4,1500,0.001,0.62382304,0.110649968
4,4,1500,0.011,0.130472954,0.896369336
4,4,1500,0.021,0.122457098,1.999353082
4,4,1500,0.031,0.124427903,1.999982364
4,4,1500,0.041,0.153615014,1.99999918
4,4,1500,0.051,0.357487295,1.99999608
4,4,1500,0.061,0.121348962,1.999999856
4,4,1500,0.071,0.129248704,1.99999955
4,4,1500,0.081,0.359500287,5.799998958
4,4,1500,0.091,0.118514508,4.19999726
4,4,1500,0.101,0.890465383,5.799999367
4,4,2000,0.001,0.538260577,0.109058239
4,4,2000,0.011,0.128237883,0.890491158
4,4,2000,0.021,0.125638833,1.999789985
4,4,2000,0.031,0.133499865,1.999974528
4,4,2000,0.041,0.123781379,1.999999164
4,4,2000,0.051,0.356823484,1.99999522
4,4,2000,0.061,0.128823051,1.999999851
4,4,2000,0.071,0.12331084,1.99999954
4,4,2000,0.081,0.363943714,5.799998926
4,4,2000,0.091,0.128567169,4.199996902
4,4,2000,0.101,0.890464621,5.799999353
4,4,3000,0.001,0.4622521,0.131540426
4,4,3000,0.011,0.129909842,0.890461894
4,4,3000,0.021,0.126366263,1.821916543
4,4,3000,0.031,0.169323736,1.999991769
4,4,3000,0.041,0.133984945,1.99999913
4,4,3000,0.051,0.390220323,1.999991376
4,4,3000,0.061,0.125579654,1.999999842
4,4,3000,0.071,0.120561807,1.999999518
4,4,3000,0.081,0.357062736,5.799998856
4,4,3000,0.091,0.161266172,4.199995804
4,4,3000,0.101,0.890463756,5.799999322
4,4,4000,0.001,0.430460219,0.133940615
4,4,4000,0.011,0.131884139,0.89046169
4,4,4000,0.021,0.13149265,1.999796359
4,4,4000,0.031,0.126460723,1.999986777
4,4,4000,0.041,0.127509195,1.999999093
4,4,4000,0.051,0.355230083,1.999951691
4,4,4000,0.061,0.128580316,1.999999831
4,4,4000,0.071,0.128624653,1.999999493
4,4,4000,0.081,0.353704304,5.799998776
4,4,4000,0.091,0.128247071,4.1999935
4,4,4000,0.101,0.890463227,5.799999289
4,4,5000,0.001,0.412582825,0.133135268
4,4,5000,0.011,0.131345255,0.890461401
4,4,5000,0.021,0.136429313,1.997648188
4,4,5000,0.031,0.139737801,1.999965005
4,4,5000,0.041,0.128512278,1.999999053
4,4,5000,0.051,0.35563455,1.999999838
4,4,5000,0.061,0.128522426,1.999999818
4,4,5000,0.071,0.128477619,1.999999464
4,4,5000,0.081,0.359716892,5.799998683
4,4,5000,0.091,0.12811795,4.199985583
4,4,5000,0.101,0.890462816,5.799999252
4,5,500,0.001,0.888259289,0.169596961
4,5,500,0.011,0.328339206,0.890479348
4,5,500,0.021,0.378333058,1.999822504
4,5,500,0.031,0.23444541,1.99999998
4,5,500,0.041,0.16238619,1.999999666
4,5,500,0.051,0.374337337,3.799999016
4,5,500,0.061,0.362293331,1.999999999
4,5,500,0.071,0.366572841,2
4,5,500,0.081,0.890488855,3.999997207
4,5,500,0.091,0.890489616,2
4,5,500,0.101,0.408538488,1.999999884
4,5,800,0.001,0.883705132,0.229532164
4,5,800,0.011,0.370559167,0.890476499
4,5,800,0.021,0.103040863,1.999739024
4,5,800,0.031,0.104361272,1.99999998
4,5,800,0.041,0.126652643,1.999999664
4,5,800,0.051,0.887163187,3.799998996
4,5,800,0.061,0.356107297,1.999999999
4,5,800,0.071,0.360194151,2
4,5,800,0.081,0.890479012,3.99999696
4,5,800,0.091,0.890477155,2
4,5,800,0.101,0.890474297,1.999999883
4,5,1000,0.001,0.875969132,0.202933243
4,5,1000,0.011,0.133863737,0.890475094
4,5,1000,0.021,0.079793491,1.999988947
4,5,1000,0.031,0.08017194,1.99999998
4,5,1000,0.041,0.123283527,1.999999663
4,5,1000,0.051,0.890355474,3.799998981
4,5,1000,0.061,0.355687913,1.999999999
4,5,1000,0.071,0.353645056,2
4,5,1000,0.081,0.890475835,3.99999677
4,5,1000,0.091,0.890473312,2
4,5,1000,0.101,0.890472244,1.999999882
4,5,1500,0.001,0.83356251,0.179778059
4,5,1500,0.011,0.088428852,0.890472597
4,5,1500,0.021,0.084330008,1.999987426
4,5,1500,0.031,0.088433608,1.99999998
4,5,1500,0.041,0.122728518,1.99999966
4,5,1500,0.051,0.362936926,3.799998944
4,5,1500,0.061,0.354980257,1.999999999
4,5,1500,0.071,0.364009415,2
4,5,1500,0.081,0.890471641,3.999996171
4,5,1500,0.091,0.890467515,2
4,5,1500,0.101,0.890469423,1.99999988
4,5,2000,0.001,0.687279197,0.164983299
4,5,2000,0.011,0.104137995,0.890470952
4,5,2000,0.021,0.10898047,1.999985351
4,5,2000,0.031,0.114610252,1.99999998
4,5,2000,0.041,0.126188014,1.999999658
4,5,2000,0.051,0.317781799,3.799998903
4,5,2000,0.061,0.354383011,1.999999999
4,5,2000,0.071,0.361260602,2
4,5,2000,0.081,0.890469545,3.999995298
4,5,2000,0.091,0.890460338,2
4,5,2000,0.101,0.890467963,1.999999879
4,5,3000,0.001,0.435174236,0.145484895
4,5,3000,0.011,0.122712145,0.890468917
4,5,3000,0.021,0.120387281,1.999977443
4,5,3000,0.031,0.125263644,1.99999998
4,5,3000,0.041,0.125633583,1.999999652
4,5,3000,0.051,0.353944826,3.799998811
4,5,3000,0.061,0.351381513,1.999999999
4,5,3000,0.071,0.358407084,2
4,5,3000,0.081,0.890467432,3.999991366
4,5,3000,0.091,0.36000589,2
4,5,3000,0.101,0.890466453,1.999999875
4,5,4000,0.001,0.385829248,0.135072938
4,5,4000,0.011,0.126875378,0.890467705
4,5,4000,0.021,0.128671316,1.999941323
4,5,4000,0.031,0.129319689,1.99999998
4,5,4000,0.041,0.126999046,1.999999646
4,5,4000,0.051,0.352422311,3.799998702
4,5,4000,0.061,0.118021693,1.999999999
4,5,4000,0.071,0.355254896,2
4,5,4000,0.081,0.89046636,3.999947434
4,5,4000,0.091,0.356249332,2
4,5,4000,0.101,0.89046567,1.999999871
4,5,5000,0.001,0.339565104,0.125600339
4,5,5000,0.011,0.126288184,0.890466901
4,5,5000,0.021,0.129610839,1.999948077
4,5,5000,0.031,0.130198429,1.99999998
4,5,5000,0.041,0.127746696,1.99999964
4,5,5000,0.051,0.120588817,3.79999857
4,5,5000,0.061,0.128318804,1.999999999
4,5,5000,0.071,0.354130374,2
4,5,5000,0.081,0.890465708,2
4,5,5000,0.091,0.354985975,2
4,5,5000,0.101,0.890465187,1.999999867
5,2,500,0.001,0.916288604,0.506839051
5,2,500,0.011,0.396587183,0.890299848
5,2,500,0.021,0.334345157,1.000334134
5,2,500,0.031,0.338810806,1.949213999
5,2,500,0.041,0.361757788,1.999856976
5,2,500,0.051,0.344860266,1.999948039
5,2,500,0.061,0.377053463,1.999997804
5,2,500,0.071,0.890529875,1.999992306
5,2,500,0.081,0.890341681,1.999998615
5,2,500,0.091,0.384446793,1.999998761
5,2,500,0.101,0.370114362,1.99999821
5,2,800,0.001,0.895541451,0.367834545
5,2,800,0.011,0.312185431,0.89012268
5,2,800,0.021,0.290217261,0.913221427
5,2,800,0.031,0.257916724,1.997246955
5,2,800,0.041,0.287938664,1.994107092
5,2,800,0.051,0.356996184,1.999705892
5,2,800,0.061,0.363324035,1.999997774
5,2,800,0.071,0.89047796,1.999990874
5,2,800,0.081,0.890517439,1.999998574
5,2,800,0.091,0.367208842,1.999998742
5,2,800,0.101,0.355426521,1.999998141
5,2,1000,0.001,0.89155867,0.364399784
5,2,1000,0.011,0.349447679,0.360746188
5,2,1000,0.021,0.25891281,0.908427875
5,2,1000,0.031,0.234964935,1.996137705
5,2,1000,0.041,0.266783433,1.999153845
5,2,1000,0.051,0.355260555,1.999842314
5,2,1000,0.061,0.359601835,1.999997753
5,2,1000,0.071,0.890472628,1.99998958
5,2,1000,0.081,0.890491407,1.999998546
5,2,1000,0.091,0.360549584,1.999998729
5,2,1000,0.101,0.890458209,1.999998091
5,2,1500,0.001,0.889208208,0.360666637
5,2,1500,0.011,0.235635431,0.359883039
5,2,1500,0.021,0.253999032,0.915222736
5,2,1500,0.031,0.250371705,1.998430316
5,2,1500,0.041,0.24134522,1.998604884
5,2,1500,0.051,0.353668012,1.999976904
5,2,1500,0.061,0.830909117,1.999997699
5,2,1500,0.071,0.890467702,1.999983859
5,2,1500,0.081,0.890476217,1.999998468
5,2,1500,0.091,0.354732734,1.999998695
5,2,1500,0.101,0.890472167,1.999997949
5,2,2000,0.001,0.888206072,0.358864843
5,2,2000,0.011,0.226834541,0.355301781
5,2,2000,0.021,0.246934215,0.917099778
5,2,2000,0.031,0.243167333,1.998498084
5,2,2000,0.041,0.234582659,1.999913587
5,2,2000,0.051,0.352906485,1.999962375
5,2,2000,0.061,0.890369115,1.999997642
5,2,2000,0.071,0.890465765,1.99996421
5,2,2000,0.081,0.890471685,1.999998382
5,2,2000,0.091,0.344004783,1.999998658
5,2,2000,0.101,0.890468511,1.999997775
5,2,3000,0.001,0.807511448,0.35693631
5,2,3000,0.011,0.254613209,0.352308038
5,2,3000,0.021,0.23773723,0.875471642
5,2,3000,0.031,0.233948371,1.996715319
5,2,3000,0.041,0.229336507,1.999587785
5,2,3000,0.051,0.241859953,1.999987494
5,2,3000,0.061,0.358527038,1.999997518
5,2,3000,0.071,0.890463939,1.999999135
5,2,3000,0.081,0.890468181,1.999998175
5,2,3000,0.091,0.34924922,1.999998579
5,2,3000,0.101,0.890466042,1.99999725
5,2,4000,0.001,0.522335107,0.355847109
5,2,4000,0.011,0.245032365,0.351025108
5,2,4000,0.021,0.232083411,0.875459744
5,2,4000,0.031,0.227556359,1.996038732
5,2,4000,0.041,0.221926929,1.999677888
5,2,4000,0.051,0.226978759,1.999981138
5,2,4000,0.061,0.355028329,1.99999738
5,2,4000,0.071,0.890462863,1.999999082
5,2,4000,0.081,0.890466699,1.999997903
5,2,4000,0.091,0.810224837,1.99999849
5,2,4000,0.101,0.890465077,1.999995885
5,2,5000,0.001,0.41705477,0.355127578
5,2,5000,0.011,0.23946588,0.351392996
5,2,5000,0.021,0.228059077,0.875447274
5,2,5000,0.031,0.223041243,1.995079142
5,2,5000,0.041,0.217882961,1.997676689
5,2,5000,0.051,0.221161601,1.999953942
5,2,5000,0.061,0.354672291,1.999997224
5,2,5000,0.071,0.890461841,1.999999022
5,2,5000,0.081,0.890465876,1.999997532
5,2,5000,0.091,0.890464063,1.999998387
5,2,5000,0.101,0.89046456,3.79999128
5,3,500,0.001,0.889323798,0.112312571
5,3,500,0.011,0.301303284,0.890460923
5,3,500,0.021,0.206635802,1.894737363
5,3,500,0.031,0.130015574,1.999129712
5,3,500,0.041,0.124874528,1.999989513
5,3,500,0.051,0.357054317,1.99998296
5,3,500,0.061,0.890490462,1.999994557
5,3,500,0.071,0.207436524,1.999999913
5,3,500,0.081,0.36601186,1.999999994
5,3,500,0.091,0.890480114,1.9999999
5,3,500,0.101,0.890476727,1.999983121
5,3,800,0.001,0.86672922,0.088954121
5,3,800,0.011,0.177273493,0.890463593
5,3,800,0.021,0.092310646,1.988255188
5,3,800,0.031,0.085179361,1.998523037
5,3,800,0.041,0.07884677,1.999987233
5,3,800,0.051,0.1647475,1.999972748
5,3,800,0.061,0.890468576,1.999993664
5,3,800,0.071,0.133830537,1.999999913
5,3,800,0.081,0.360371414,1.999999994
5,3,800,0.091,0.890472719,1.9999999
5,3,800,0.101,0.890462416,1.999957301
5,3,1000,0.001,0.853457341,0.091706635
5,3,1000,0.011,0.13570798,0.890463621
5,3,1000,0.021,0.084243817,1.997492281
5,3,1000,0.031,0.079939735,1.998779008
5,3,1000,0.041,0.07913465,1.999985055
5,3,1000,0.051,0.117747089,1.999954628
5,3,1000,0.061,0.890460333,1.999992885
5,3,1000,0.071,0.123857318,1.999999913
5,3,1000,0.081,0.35881108,1.999999994
5,3,1000,0.091,0.890470108,1.9999999
5,3,1000,0.101,0.890400148,3.540100084
5,3,1500,0.001,0.771686054,0.101967628
5,3,1500,0.011,0.126846166,0.890462965
5,3,1500,0.021,0.099218568,1.996854195
5,3,1500,0.031,0.102001327,1.99997496
5,3,1500,0.041,0.106341636,1.999973818
5,3,1500,0.051,0.083550789,1.99999999
5,3,1500,0.061,0.890430637,1.999989715
5,3,1500,0.071,0.126038554,1.999999913
5,3,1500,0.081,0.356508062,1.999999994
5,3,1500,0.091,0.890466208,1.999999899
5,3,1500,0.101,0.890450082,1.999999164
5,3,2000,0.001,0.580794878,0.110167195
5,3,2000,0.011,0.128423808,0.89046182
5,3,2000,0.021,0.113779371,1.981371077
5,3,2000,0.031,0.118779482,1.999963626
5,3,2000,0.041,0.123666978,1.999891209
5,3,2000,0.051,0.124575371,1.99999999
5,3,2000,0.061,0.890415465,1.999981403
5,3,2000,0.071,0.134158771,1.999999912
5,3,2000,0.081,0.355381613,1.999999994
5,3,2000,0.091,0.890463567,1.999999898
5,3,2000,0.101,0.485584414,1.99999912
5,3,3000,0.001,0.428530396,0.121812894
5,3,3000,0.011,0.128370105,0.890446225
5,3,3000,0.021,0.124037449,1.995708813
5,3,3000,0.031,0.126081444,1.999908774
5,3,3000,0.041,0.127103091,1.99999951
5,3,3000,0.051,0.144193534,1.99999999
5,3,3000,0.061,0.361272891,1.999999954
5,3,3000,0.071,0.128719279,1.999999912
5,3,3000,0.081,0.354333351,1.999999994
5,3,3000,0.091,0.890455963,1.999999897
5,3,3000,0.101,0.89046371,1.999999017
5,3,4000,0.001,0.390679745,0.127328248
5,3,4000,0.011,0.130019363,0.966157178
5,3,4000,0.021,0.12932681,1.67056803
5,3,4000,0.031,0.128658832,1.999961366
5,3,4000,0.041,0.12780143,1.999999503
5,3,4000,0.051,0.134610505,1.99999999
5,3,4000,0.061,0.364713338,1.999999954
5,3,4000,0.071,0.128403987,1.999999911
5,3,4000,0.081,0.353797067,1.999999994
5,3,4000,0.091,0.890414132,1.999999896
5,3,4000,0.101,0.890462949,1.999998886
5,3,5000,0.001,0.341707082,0.129179874
5,3,5000,0.011,0.131795081,0.92659872
5,3,5000,0.021,0.130339489,1.989396726
5,3,5000,0.031,0.129313484,1.999974405
5,3,5000,0.041,0.128835378,1.999999495
5,3,5000,0.051,0.128779469,1.99999999
5,3,5000,0.061,0.356769738,1.999999954
5,3,5000,0.071,0.128277694,1.99999991
5,3,5000,0.081,0.353798628,1.999999994
5,3,5000,0.091,0.890453192,1.999999894
5,3,5000,0.101,0.890462098,1.999998714
5,4,500,0.001,0.884882721,0.36869619
5,4,500,0.011,0.309124368,0.891258171
5,4,500,0.021,0.170367985,1.999584566
5,4,500,0.031,0.165131213,1.999982275
5,4,500,0.041,0.144194225,1.999999962
5,4,500,0.051,0.146362136,1.999999313
5,4,500,0.061,0.366364994,1.999997563
5,4,500,0.071,0.200174752,4.19999795
5,4,500,0.081,0.364988349,4.199991876
5,4,500,0.091,0.89040667,4.199999943
5,4,500,0.101,0.890528934,4.199999999
5,4,800,0.001,0.859444426,0.36480267
5,4,800,0.011,0.174924753,0.378754045
5,4,800,0.021,0.101603188,1.999868518
5,4,800,0.031,0.125660877,1.999975802
5,4,800,0.041,0.128373077,1.999999962
5,4,800,0.051,0.10912566,1.999999302
5,4,800,0.061,0.890520101,1.999997335
5,4,800,0.071,0.153478664,4.199997892
5,4,800,0.081,0.890492027,4.199990018
5,4,800,0.091,0.890486415,4.199999943
5,4,800,0.101,0.890493574,4.199999999
5,4,1000,0.001,0.831268032,0.363207884
5,4,1000,0.011,0.138327093,0.368697239
5,4,1000,0.021,0.100319288,1.999106343
5,4,1000,0.031,0.125516659,1.999967572
5,4,1000,0.041,0.120271074,1.999999962
5,4,1000,0.051,0.074315387,1.999999294
5,4,1000,0.061,0.890505772,1.999997158
5,4,1000,0.071,0.116191745,4.199997852
5,4,1000,0.081,0.890425798,4.199988226
5,4,1000,0.091,0.890482469,4.199999943
5,4,1000,0.101,0.890485859,4.199999999
5,4,1500,0.001,0.728299466,0.36090444
5,4,1500,0.011,0.125718975,0.354324501
5,4,1500,0.021,0.118153403,1.999816326
5,4,1500,0.031,0.123310838,1.999655041
5,4,1500,0.041,0.129937542,1.999999962
5,4,1500,0.051,0.133054498,1.999999275
5,4,1500,0.061,0.890487957,1.999996591
5,4,1500,0.071,0.119654939,4.199997743
5,4,1500,0.081,0.358390384,4.199978716
5,4,1500,0.091,0.890476762,4.199999942
5,4,1500,0.101,0.890477061,4.199999999
5,4,2000,0.001,0.572220769,0.359775232
5,4,2000,0.011,0.126774339,0.937552337
5,4,2000,0.021,0.122246774,1.999838838
5,4,2000,0.031,0.156802673,1.99999086
5,4,2000,0.041,0.133990051,1.999999962
5,4,2000,0.051,0.122545046,1.999999254
5,4,2000,0.061,0.890478511,1.999995741
5,4,2000,0.071,0.131158984,4.19999762
5,4,2000,0.081,0.355859461,4.199892925
5,4,2000,0.091,0.890473658,4.199999942
5,4,2000,0.101,0.890473128,4.199999999
5,4,3000,0.001,0.443107363,0.362644474
5,4,3000,0.011,0.129180869,0.825604209
5,4,3000,0.021,0.132334512,1.999764282
5,4,3000,0.031,0.128338471,1.999985177
5,4,3000,0.041,0.155518105,1.999999962
5,4,3000,0.051,0.157149707,1.999999208
5,4,3000,0.061,0.890460597,1.999991509
5,4,3000,0.071,0.128302909,4.199997324
5,4,3000,0.081,0.354455192,4.2
5,4,3000,0.091,0.890470332,4.199999942
5,4,3000,0.101,0.89046944,4.199999999
5,4,4000,0.001,0.398503659,0.353400372
5,4,4000,0.011,0.130054574,0.85427951
5,4,4000,0.021,0.128816852,1.999462908
5,4,4000,0.031,0.12954381,1.999944594
5,4,4000,0.041,0.129442816,1.999999962
5,4,4000,0.051,0.125714989,1.999999156
5,4,4000,0.061,0.341788163,1.998999382
5,4,4000,0.071,0.128636728,4.19999693
5,4,4000,0.081,0.35384598,4.2
5,4,4000,0.091,0.890468562,4.199999941
5,4,4000,0.101,0.890467676,4.199999999
5,4,5000,0.001,0.345961627,0.074321381
5,4,5000,0.011,0.128590689,0.894579108
5,4,5000,0.021,0.129201706,1.998779281
5,4,5000,0.031,0.129331069,1.99999732
5,4,5000,0.041,0.129070473,1.999999962
5,4,5000,0.051,0.128897993,1.999999097
5,4,5000,0.061,0.357198959,2
5,4,5000,0.071,0.128403096,4.199996377
5,4,5000,0.081,0.353549508,4.2
5,4,5000,0.091,0.890467456,4.199999941
5,4,5000,0.101,0.890466641,4.199999999
5,5,500,0.001,0.799289504,0.088934795
5,5,500,0.011,0.253983905,0.890542313
5,5,500,0.021,0.1976884,1.999943976
5,5,500,0.031,0.108364482,1.999978956
5,5,500,0.041,0.100270754,1.999992424
5,5,500,0.051,0.226871031,1.999999792
5,5,500,0.061,0.188972515,1.999995231
5,5,500,0.071,0.357754468,4.199994629
5,5,500,0.081,0.297008114,2
5,5,500,0.091,0.368695012,5.799995287
5,5,500,0.101,0.359505221,3.999999982
5,5,800,0.001,0.712887591,0.089636457
5,5,800,0.011,0.157940571,0.890361956
5,5,800,0.021,0.12701077,1.999888164
5,5,800,0.031,0.074242823,1.999970614
5,5,800,0.041,0.070746482,1.999990377
5,5,800,0.051,0.107689303,1.99999979
5,5,800,0.061,0.105794954,1.999994065
5,5,800,0.071,0.142448061,4.199993806
5,5,800,0.081,0.35254322,2
5,5,800,0.091,0.363393474,5.799994936
5,5,800,0.101,0.890433563,3.999999982
5,5,1000,0.001,0.65284296,0.093295098
5,5,1000,0.011,0.129768725,0.890293102
5,5,1000,0.021,0.122371408,1.999244522
5,5,1000,0.031,0.076238557,1.999961088
5,5,1000,0.041,0.084599541,1.999988258
5,5,1000,0.051,0.062686345,1.999999789
5,5,1000,0.061,0.124275531,1.999992841
5,5,1000,0.071,0.162222013,4.1999931
5,5,1000,0.081,0.166186502,2
5,5,1000,0.091,0.763742725,5.799994668
5,5,1000,0.101,0.890395301,3.999999982
5,5,1500,0.001,0.541863244,0.100860035
5,5,1500,0.011,0.122360999,0.406863374
5,5,1500,0.021,0.123094659,1.999876299
5,5,1500,0.031,0.10807652,1.999833504
5,5,1500,0.041,0.092850388,1.999973756
5,5,1500,0.051,0.081005781,1.999999786
5,5,1500,0.061,0.150544489,1.999983836
5,5,1500,0.071,0.124573098,4.199990355
5,5,1500,0.081,0.125676166,2
5,5,1500,0.091,0.359606923,5.79999384
5,5,1500,0.101,0.362467242,3.999999982
5,5,2000,0.001,0.483169143,0.107991377
5,5,2000,0.011,0.125721603,0.890351138
5,5,2000,0.021,0.125158235,1.999940965
5,5,2000,0.031,0.131467082,1.999999229
5,5,2000,0.041,0.125336107,1.999999971
5,5,2000,0.051,0.098521889,1.999999782
5,5,2000,0.061,0.12557341,1.999989346
5,5,2000,0.071,0.12632898,4.199983981
5,5,2000,0.081,0.125742209,2
5,5,2000,0.091,0.357102207,5.799992668
5,5,2000,0.101,0.890440499,3.999999982
5,5,3000,0.001,0.409831585,0.119463734
5,5,3000,0.011,0.128979326,0.890462731
5,5,3000,0.021,0.124429965,1.999972928
5,5,3000,0.031,0.125683376,1.999999198
5,5,3000,0.041,0.125407108,1.999999971
5,5,3000,0.051,0.12511267,1.999999775
5,5,3000,0.061,0.128036912,3.999750893
5,5,3000,0.071,0.127698675,2
5,5,3000,0.081,0.12469668,2
5,5,3000,0.091,0.354214397,5.79998758
5,5,3000,0.101,0.368539125,3.999999982
5,5,4000,0.001,0.378768408,0.125963668
5,5,4000,0.011,0.130009137,0.890462719
5,5,4000,0.021,0.129936491,1.999986407
5,5,4000,0.031,0.129974131,1.999999164
5,5,4000,0.041,0.129529504,1.999999971
5,5,4000,0.051,0.129085609,1.999999767
5,5,4000,0.061,0.129249187,2
5,5,4000,0.071,0.128446958,2
5,5,4000,0.081,0.129011475,2
5,5,4000,0.091,0.354001708,5.79991756
5,5,4000,0.101,0.890462669,3.999999982
5,5,5000,0.001,0.313984164,0.129505052
5,5,5000,0.011,0.132124767,0.890462706
5,5,5000,0.021,0.13109752,1.999963032
5,5,5000,0.031,0.13038033,1.999999127
5,5,5000,0.041,0.129738876,1.999999971
5,5,5000,0.051,0.129198486,1.999999759
5,5,5000,0.061,0.129160872,2
5,5,5000,0.071,0.128371563,2
5,5,5000,0.081,0.128820891,2
5,5,5000,0.091,0.122642902,3.999996389
5,5,5000,0.101,0.890462666,3.999999982