h1,h2,iteration,learning_rate,ReLu_testError
5,5,500,0.0000100,0.4436082
5,5,500,0.0000400,0.4550960
5,5,500,0.0000700,0.4298021
5,5,500,0.0001000,0.3893633
5,5,500,0.0001300,0.3470454
5,5,500,0.0001600,0.3129827
5,5,500,0.0001900,0.2898214
5,5,500,0.0002200,0.2749705
5,5,500,0.0002500,0.2705930
5,5,500,0.0002800,0.2598173
5,5,500,0.0003100,0.2594811
5,5,800,0.0000100,0.4470118
5,5,800,0.0000400,0.4366872
5,5,800,0.0000700,0.3709980
5,5,800,0.0001000,0.3120417
5,5,800,0.0001300,0.2795007
5,5,800,0.0001600,0.2630405
5,5,800,0.0001900,0.2524113
5,5,800,0.0002200,0.2475114
5,5,800,0.0002500,0.2453581
5,5,800,0.0002800,0.2428119
5,5,800,0.0003100,0.2417192
5,5,1000,0.0000100,0.4495703
5,5,1000,0.0000400,0.4163322
5,5,1000,0.0000700,0.3336886
5,5,1000,0.0001000,0.2831889
5,5,1000,0.0001300,0.2618479
5,5,1000,0.0001600,0.2507159
5,5,1000,0.0001900,0.2449506
5,5,1000,0.0002200,0.2417661
5,5,1000,0.0002500,0.2409163
5,5,1000,0.0002800,0.2417364
5,5,1000,0.0003100,0.2423114
5,5,1500,0.0000100,0.4553497
5,5,1500,0.0000400,0.3592557
5,5,1500,0.0000700,0.2784016
5,5,1500,0.0001000,0.2531955
5,5,1500,0.0001300,0.2443533
5,5,1500,0.0001600,0.2396971
5,5,1500,0.0001900,0.2368933
5,5,1500,0.0002200,0.2351728
5,5,1500,0.0002500,0.2478322
5,5,1500,0.0002800,0.2594816
5,5,1500,0.0003100,0.2712100
5,5,2000,0.0000100,0.4546119
5,5,2000,0.0000400,0.3114150
5,5,2000,0.0000700,0.2570805
5,5,2000,0.0001000,0.2437561
5,5,2000,0.0001300,0.2381523
5,5,2000,0.0001600,0.2361233
5,5,2000,0.0001900,0.2400546
5,5,2000,0.0002200,0.2485990
5,5,2000,0.0002500,0.2687557
5,5,2000,0.0002800,0.2802212
5,5,2000,0.0003100,0.2836843
5,5,3000,0.0000100,0.4404476
5,5,3000,0.0000400,0.2674956
5,5,3000,0.0000700,0.2430375
5,5,3000,0.0001000,0.2365625
5,5,3000,0.0001300,0.2388096
5,5,3000,0.0001600,0.2520888
5,5,3000,0.0001900,0.2683799
5,5,3000,0.0002200,0.2816369
5,5,3000,0.0002500,0.2812253
5,5,3000,0.0002800,0.2791241
5,5,3000,0.0003100,0.2770190
5,5,4000,0.0000100,0.4156242
5,5,4000,0.0000400,0.2508682
5,5,4000,0.0000700,0.2371425
5,5,4000,0.0001000,0.2423401
5,5,4000,0.0001300,0.2596250
5,5,4000,0.0001600,0.2798459
5,5,4000,0.0001900,0.2786326
5,5,4000,0.0002200,0.2784806
5,5,4000,0.0002500,0.2773848
5,5,4000,0.0002800,0.2732101
5,5,4000,0.0003100,0.2720782
5,5,5000,0.0000100,0.3874716
5,5,5000,0.0000400,0.2439156
5,5,5000,0.0000700,0.2363481
5,5,5000,0.0001000,0.2572456
5,5,5000,0.0001300,0.2805420
5,5,5000,0.0001600,0.2781867
5,5,5000,0.0001900,0.2782229
5,5,5000,0.0002200,0.2758250
5,5,5000,0.0002500,0.2720916
5,5,5000,0.0002800,0.2693290
5,5,5000,0.0003100,0.2765318
5,6,500,0.0000100,0.7017617
5,6,500,0.0000400,0.6487468
5,6,500,0.0000700,0.6686020
5,6,500,0.0001000,0.6794906
5,6,500,0.0001300,0.6806976
5,6,500,0.0001600,0.6269797
5,6,500,0.0001900,0.4688645
5,6,500,0.0002200,0.3919247
5,6,500,0.0002500,0.3687726
5,6,500,0.0002800,0.3594284
5,6,500,0.0003100,0.3570274
5,6,800,0.0000100,0.6666257
5,6,800,0.0000400,0.6654764
5,6,800,0.0000700,0.6817742
5,6,800,0.0001000,0.6263337
5,6,800,0.0001300,0.4110752
5,6,800,0.0001600,0.3661203
5,6,800,0.0001900,0.3573695
5,6,800,0.0002200,0.3557893
5,6,800,0.0002500,0.3552479
5,6,800,0.0002800,0.3549660
5,6,800,0.0003100,0.3547994
5,6,1000,0.0000100,0.6543491
5,6,1000,0.0000400,0.6730089
5,6,1000,0.0000700,0.6745913
5,6,1000,0.0001000,0.4341129
5,6,1000,0.0001300,0.3645900
5,6,1000,0.0001600,0.3565631
5,6,1000,0.0001900,0.3554279
5,6,1000,0.0002200,0.3550023
5,6,1000,0.0002500,0.3547889
5,6,1000,0.0002800,0.3546661
5,6,1000,0.0003100,0.3545794
5,6,1500,0.0000100,0.6444008
5,6,1500,0.0000400,0.6822263
5,6,1500,0.0000700,0.4067160
5,6,1500,0.0001000,0.3576352
5,6,1500,0.0001300,0.3553350
5,6,1500,0.0001600,0.3548480
5,6,1500,0.0001900,0.3546499
5,6,1500,0.0002200,0.3545329
5,6,1500,0.0002500,0.3544420
5,6,1500,0.0002800,0.3543640
5,6,1500,0.0003100,0.3542917
5,6,2000,0.0000100,0.6487983
5,6,2000,0.0000400,0.6257576
5,6,2000,0.0000700,0.3594168
5,6,2000,0.0001000,0.3552530
5,6,2000,0.0001300,0.3547433
5,6,2000,0.0001600,0.3545564
5,6,2000,0.0001900,0.3544335
5,6,2000,0.0002200,0.3543309
5,6,2000,0.0002500,0.3542399
5,6,2000,0.0002800,0.3541594
5,6,2000,0.0003100,0.3540855
5,6,3000,0.0000100,0.6631566
5,6,3000,0.0000400,0.3743065
5,6,3000,0.0000700,0.3551149
5,6,3000,0.0001000,0.3546075
5,6,3000,0.0001300,0.3544159
5,6,3000,0.0001600,0.3542699
5,6,3000,0.0001900,0.3541463
5,6,3000,0.0002200,0.3540395
5,6,3000,0.0002500,0.3539333
5,6,3000,0.0002800,0.3538401
5,6,3000,0.0003100,0.3537581
5,6,4000,0.0000100,0.6730107
5,6,4000,0.0000400,0.3565720
5,6,4000,0.0000700,0.3546679
5,6,4000,0.0001000,0.3543988
5,6,4000,0.0001300,0.3542128
5,6,4000,0.0001600,0.3540632
5,6,4000,0.0001900,0.3539227
5,6,4000,0.0002200,0.3538020
5,6,4000,0.0002500,0.3537021
5,6,4000,0.0002800,0.3536206
5,6,4000,0.0003100,0.3535503
5,6,5000,0.0000100,0.6794993
5,6,5000,0.0000400,0.3552549
5,6,5000,0.0000700,0.3544924
5,6,5000,0.0001000,0.3542413
5,6,5000,0.0001300,0.3540518
5,6,5000,0.0001600,0.3538802
5,6,5000,0.0001900,0.3537417
5,6,5000,0.0002200,0.3536328
5,6,5000,0.0002500,0.3535447
5,6,5000,0.0002800,0.3534866
5,6,5000,0.0003100,0.3534827
5,7,500,0.0000100,0.5334852
5,7,500,0.0000400,0.5058697
5,7,500,0.0000700,0.5017265
5,7,500,0.0001000,0.5005268
5,7,500,0.0001300,0.5000232
5,7,500,0.0001600,0.5000000
5,7,500,0.0001900,0.5000000
5,7,500,0.0002200,0.5000000
5,7,500,0.0002500,0.5000000
5,7,500,0.0002800,0.5000000
5,7,500,0.0003100,0.5000000
5,7,800,0.0000100,0.5208835
5,7,800,0.0000400,0.5020509
5,7,800,0.0000700,0.5002906
5,7,800,0.0001000,0.5000000
5,7,800,0.0001300,0.5000000
5,7,800,0.0001600,0.5000000
5,7,800,0.0001900,0.5000000
5,7,800,0.0002200,0.5000000
5,7,800,0.0002500,0.5000000
5,7,800,0.0002800,0.5000000
5,7,800,0.0003100,0.5000000
5,7,1000,0.0000100,0.5149382
5,7,1000,0.0000400,0.5012057
5,7,1000,0.0000700,0.5000000
5,7,1000,0.0001000,0.5000000
5,7,1000,0.0001300,0.5000000
5,7,1000,0.0001600,0.5000000
5,7,1000,0.0001900,0.5000000
5,7,1000,0.0002200,0.5000000
5,7,1000,0.0002500,0.5000000
5,7,1000,0.0002800,0.5000000
5,7,1000,0.0003100,0.5000000
5,7,1500,0.0000100,0.5086792
5,7,1500,0.0000400,0.5001234
5,7,1500,0.0000700,0.5000000
5,7,1500,0.0001000,0.5000000
5,7,1500,0.0001300,0.5000000
5,7,1500,0.0001600,0.5000000
5,7,1500,0.0001900,0.5000000
5,7,1500,0.0002200,0.5000000
5,7,1500,0.0002500,0.5000000
5,7,1500,0.0002800,0.5000000
5,7,1500,0.0003100,0.5000000
5,7,2000,0.0000100,0.5058392
5,7,2000,0.0000400,0.5000000
5,7,2000,0.0000700,0.5000000
5,7,2000,0.0001000,0.5000000
5,7,2000,0.0001300,0.5000000
5,7,2000,0.0001600,0.5000000
5,7,2000,0.0001900,0.5000000
5,7,2000,0.0002200,0.5000000
5,7,2000,0.0002500,0.5000000
5,7,2000,0.0002800,0.5000000
5,7,2000,0.0003100,0.5000000
5,7,3000,0.0000100,0.5024437
5,7,3000,0.0000400,0.5000000
5,7,3000,0.0000700,0.5000000
5,7,3000,0.0001000,0.5000000
5,7,3000,0.0001300,0.5000000
5,7,3000,0.0001600,0.5000000
5,7,3000,0.0001900,0.5000000
5,7,3000,0.0002200,0.5000000
5,7,3000,0.0002500,0.5000000
5,7,3000,0.0002800,0.5000000
5,7,3000,0.0003100,0.5000000
5,7,4000,0.0000100,0.5011755
5,7,4000,0.0000400,0.5000000
5,7,4000,0.0000700,0.5000000
5,7,4000,0.0001000,0.5000000
5,7,4000,0.0001300,0.5000000
5,7,4000,0.0001600,0.5000000
5,7,4000,0.0001900,0.5000000
5,7,4000,0.0002200,0.5000000
5,7,4000,0.0002500,0.5000000
5,7,4000,0.0002800,0.5000000
5,7,4000,0.0003100,0.5000000
5,7,5000,0.0000100,0.5004728
5,7,5000,0.0000400,0.5000000
5,7,5000,0.0000700,0.5000000
5,7,5000,0.0001000,0.5000000
5,7,5000,0.0001300,0.5000000
5,7,5000,0.0001600,0.5000000
5,7,5000,0.0001900,0.5000000
5,7,5000,0.0002200,0.5000000
5,7,5000,0.0002500,0.5000000
5,7,5000,0.0002800,0.5000000
5,7,5000,0.0003100,0.5000000
5,8,500,0.0000100,0.5797882
5,8,500,0.0000400,0.5494691
5,8,500,0.0000700,0.5358004
5,8,500,0.0001000,0.5304052
5,8,500,0.0001300,0.5278374
5,8,500,0.0001600,0.5263750
5,8,500,0.0001900,0.5253991
5,8,500,0.0002200,0.5246259
5,8,500,0.0002500,0.5239699
5,8,500,0.0002800,0.5233923
5,8,500,0.0003100,0.5228557
5,8,800,0.0000100,0.5723486
5,8,800,0.0000400,0.5375219
5,8,800,0.0000700,0.5291806
5,8,800,0.0001000,0.5263753
5,8,800,0.0001300,0.5249095
5,8,800,0.0001600,0.5238485
5,8,800,0.0001900,0.5229660
5,8,800,0.0002200,0.5221595
5,8,800,0.0002500,0.5214382
5,8,800,0.0002800,0.5207688
5,8,800,0.0003100,0.5201411
5,8,1000,0.0000100,0.5677108
5,8,1000,0.0000400,0.5335367
5,8,1000,0.0000700,0.5272761
5,8,1000,0.0001000,0.5251175
5,8,1000,0.0001300,0.5237754
5,8,1000,0.0001600,0.5226835
5,8,1000,0.0001900,0.5217316
5,8,1000,0.0002200,0.5208877
5,8,1000,0.0002500,0.5200681
5,8,1000,0.0002800,0.5193317
5,8,1000,0.0003100,0.5187049
5,8,1500,0.0000100,0.5575630
5,8,1500,0.0000400,0.5285275
5,8,1500,0.0000700,0.5248599
5,8,1500,0.0001000,0.5230250
5,8,1500,0.0001300,0.5215790
5,8,1500,0.0001600,0.5203437
5,8,1500,0.0001900,0.5192049
5,8,1500,0.0002200,0.5181912
5,8,1500,0.0002500,0.5173432
5,8,1500,0.0002800,0.5164449
5,8,1500,0.0003100,0.5156523
5,8,2000,0.0000100,0.5494974
5,8,2000,0.0000400,0.5263774
5,8,2000,0.0000700,0.5233855
5,8,2000,0.0001000,0.5214340
5,8,2000,0.0001300,0.5198424
5,8,2000,0.0001600,0.5183941
5,8,2000,0.0001900,0.5172072
5,8,2000,0.0002200,0.5161232
5,8,2000,0.0002500,0.5152319
5,8,2000,0.0002800,0.5143017
5,8,2000,0.0003100,0.5135067
5,8,3000,0.0000100,0.5388538
5,8,3000,0.0000400,0.5241759
5,8,3000,0.0000700,0.5211494
5,8,3000,0.0001000,0.5188673
5,8,3000,0.0001300,0.5170113
5,8,3000,0.0001600,0.5155036
5,8,3000,0.0001900,0.5141749
5,8,3000,0.0002200,0.5130142
5,8,3000,0.0002500,0.3453727
5,8,3000,0.0002800,0.2396443
5,8,3000,0.0003100,0.2358326
5,8,4000,0.0000100,0.5335479
5,8,4000,0.0000400,0.5226809
5,8,4000,0.0000700,0.5193513
5,8,4000,0.0001000,0.5168144
5,8,4000,0.0001300,0.5148471
5,8,4000,0.0001600,0.5132575
5,8,4000,0.0001900,0.3199633
5,8,4000,0.0002200,0.2436198
5,8,4000,0.0002500,0.2578823
5,8,4000,0.0002800,0.2784321
5,8,4000,0.0003100,0.2799785
5,8,5000,0.0000100,0.5304307
5,8,5000,0.0000400,0.5214362
5,8,5000,0.0000700,0.5177762
5,8,5000,0.0001000,0.5151991
5,8,5000,0.0001300,0.5131805
5,8,5000,0.0001600,0.2621936
5,8,5000,0.0001900,0.2635304
5,8,5000,0.0002200,0.2840178
5,8,5000,0.0002500,0.2873144
5,8,5000,0.0002800,0.2854342
5,8,5000,0.0003100,0.2848768
6,5,500,0.0000100,0.4430566
6,5,500,0.0000400,0.4107931
6,5,500,0.0000700,0.3975686
6,5,500,0.0001000,0.3897266
6,5,500,0.0001300,0.3859009
6,5,500,0.0001600,0.3838808
6,5,500,0.0001900,0.3826274
6,5,500,0.0002200,0.3816720
6,5,500,0.0002500,0.3809695
6,5,500,0.0002800,0.3806911
6,5,500,0.0003100,0.3697013
6,5,800,0.0000100,0.4324346
6,5,800,0.0000400,0.3996464
6,5,800,0.0000700,0.3879931
6,5,800,0.0001000,0.3837496
6,5,800,0.0001300,0.3818771
6,5,800,0.0001600,0.3805897
6,5,800,0.0001900,0.3804174
6,5,800,0.0002200,0.3804482
6,5,800,0.0002500,0.3806985
6,5,800,0.0002800,0.3810693
6,5,800,0.0003100,0.3748788
6,5,1000,0.0000100,0.4272000
6,5,1000,0.0000400,0.3944663
6,5,1000,0.0000700,0.3849259
6,5,1000,0.0001000,0.3820776
6,5,1000,0.0001300,0.3804714
6,5,1000,0.0001600,0.3803301
6,5,1000,0.0001900,0.3804594
6,5,1000,0.0002200,0.3808706
6,5,1000,0.0002500,0.3814326
6,5,1000,0.0002800,0.3818267
6,5,1000,0.0003100,0.3818208
6,5,1500,0.0000100,0.4175126
6,5,1500,0.0000400,0.3867731
6,5,1500,0.0000700,0.3817477
6,5,1500,0.0001000,0.3803220
6,5,1500,0.0001300,0.3804384
6,5,1500,0.0001600,0.3811400
6,5,1500,0.0001900,0.3818866
6,5,1500,0.0002200,0.3827461
6,5,1500,0.0002500,0.3835837
6,5,1500,0.0002800,0.3843529
6,5,1500,0.0003100,0.3850417
6,5,2000,0.0000100,0.4106869
6,5,2000,0.0000400,0.3836793
6,5,2000,0.0000700,0.3802986
6,5,2000,0.0001000,0.3804857
6,5,2000,0.0001300,0.3814462
6,5,2000,0.0001600,0.3825271
6,5,2000,0.0001900,0.3836352
6,5,2000,0.0002200,0.3846473
6,5,2000,0.0002500,0.3855617
6,5,2000,0.0002800,0.3863545
6,5,2000,0.0003100,0.3869581
6,5,3000,0.0000100,0.4013794
6,5,3000,0.0000400,0.3807926
6,5,3000,0.0000700,0.3805919
6,5,3000,0.0001000,0.3821515
6,5,3000,0.0001300,0.3838033
6,5,3000,0.0001600,0.3852610
6,5,3000,0.0001900,0.3864770
6,5,3000,0.0002200,0.3874980
6,5,3000,0.0002500,0.3882049
6,5,3000,0.0002800,0.3887931
6,5,3000,0.0003100,0.3891797
6,5,4000,0.0000100,0.3944045
6,5,4000,0.0000400,0.3802362
6,5,4000,0.0000700,0.3817407
6,5,4000,0.0001000,0.3839667
6,5,4000,0.0001300,0.3858360
6,5,4000,0.0001600,0.3872564
6,5,4000,0.0001900,0.3882869
6,5,4000,0.0002200,0.3890265
6,5,4000,0.0002500,0.3895530
6,5,4000,0.0002800,0.3899329
6,5,4000,0.0003100,0.3901658
6,5,5000,0.0000100,0.3894863
6,5,5000,0.0000400,0.3804570
6,5,5000,0.0000700,0.3830696
6,5,5000,0.0001000,0.3855571
6,5,5000,0.0001300,0.3873610
6,5,5000,0.0001600,0.3885718
6,5,5000,0.0001900,0.3893618
6,5,5000,0.0002200,0.3898862
6,5,5000,0.0002500,0.3902440
6,5,5000,0.0002800,0.3904841
6,5,5000,0.0003100,0.3906225
6,6,500,0.0000100,0.7030614
6,6,500,0.0000400,0.3669956
6,6,500,0.0000700,0.1975743
6,6,500,0.0001000,0.1358689
6,6,500,0.0001300,0.1114092
6,6,500,0.0001600,0.2970352
6,6,500,0.0001900,0.2884117
6,6,500,0.0002200,0.2796513
6,6,500,0.0002500,0.2760390
6,6,500,0.0002800,0.2841672
6,6,500,0.0003100,0.4999741
6,6,800,0.0000100,0.6478857
6,6,800,0.0000400,0.2151470
6,6,800,0.0000700,0.1240919
6,6,800,0.0001000,0.0971865
6,6,800,0.0001300,0.0827124
6,6,800,0.0001600,0.2698292
6,6,800,0.0001900,0.2609489
6,6,800,0.0002200,0.2527247
6,6,800,0.0002500,0.2442180
6,6,800,0.0002800,0.2518518
6,6,800,0.0003100,0.4999741
6,6,1000,0.0000100,0.6133860
6,6,1000,0.0000400,0.1740977
6,6,1000,0.0000700,0.1056448
6,6,1000,0.0001000,0.0847858
6,6,1000,0.0001300,0.0756368
6,6,1000,0.0001600,0.2586803
6,6,1000,0.0001900,0.2492569
6,6,1000,0.0002200,0.2383822
6,6,1000,0.0002500,0.2357804
6,6,1000,0.0002800,0.2482247
6,6,1000,0.0003100,0.4999741
6,6,1500,0.0000100,0.4957760
6,6,1500,0.0000400,0.1175434
6,6,1500,0.0000700,0.0827811
6,6,1500,0.0001000,0.0723272
6,6,1500,0.0001300,0.0706271
6,6,1500,0.0001600,0.2409452
6,6,1500,0.0001900,0.2359673
6,6,1500,0.0002200,0.2349832
6,6,1500,0.0002500,0.2344016
6,6,1500,0.0002800,0.2374271
6,6,1500,0.0003100,0.4999741
6,6,2000,0.0000100,0.3701845
6,6,2000,0.0000400,0.0976410
6,6,2000,0.0000700,0.0737159
6,6,2000,0.0001000,0.0706726
6,6,2000,0.0001300,0.0733954
6,6,2000,0.0001600,0.2362864
6,6,2000,0.0001900,0.2361005
6,6,2000,0.0002200,0.2361596
6,6,2000,0.0002500,0.2357108
6,6,2000,0.0002800,0.2353980
6,6,2000,0.0003100,0.4999741
6,6,3000,0.0000100,0.2308154
6,6,3000,0.0000400,0.0776924
6,6,3000,0.0000700,0.0710803
6,6,3000,0.0001000,0.0763266
6,6,3000,0.0001300,0.0821043
6,6,3000,0.0001600,0.2365801
6,6,3000,0.0001900,0.2376656
6,6,3000,0.0002200,0.2396671
6,6,3000,0.0002500,0.2380971
6,6,3000,0.0002800,0.2392448
6,6,3000,0.0003100,0.4999741
6,6,4000,0.0000100,0.1756332
6,6,4000,0.0000400,0.0714436
6,6,4000,0.0000700,0.0748300
6,6,4000,0.0001000,0.0827802
6,6,4000,0.0001300,0.0893435
6,6,4000,0.0001600,0.2390225
6,6,4000,0.0001900,0.2405023
6,6,4000,0.0002200,0.2423914
6,6,4000,0.0002500,0.2400931
6,6,4000,0.0002800,0.2409551
6,6,4000,0.0003100,0.4999741
6,6,5000,0.0000100,0.1379574
6,6,5000,0.0000400,0.0706974
6,6,5000,0.0000700,0.0796864
6,6,5000,0.0001000,0.0892887
6,6,5000,0.0001300,0.0952346
6,6,5000,0.0001600,0.2411673
6,6,5000,0.0001900,0.2425916
6,6,5000,0.0002200,0.2409114
6,6,5000,0.0002500,0.2418721
6,6,5000,0.0002800,0.2408349
6,6,5000,0.0003100,0.4999741
6,7,500,0.0000100,0.6013637
6,7,500,0.0000400,0.6079028
6,7,500,0.0000700,0.7272727
6,7,500,0.0001000,0.7913216
6,7,500,0.0001300,0.8022864
6,7,500,0.0001600,0.8079035
6,7,500,0.0001900,0.8118024
6,7,500,0.0002200,0.8129482
6,7,500,0.0002500,0.6420409
6,7,500,0.0002800,0.5006532
6,7,500,0.0003100,0.5010093
6,7,800,0.0000100,0.5957199
6,7,800,0.0000400,0.6079692
6,7,800,0.0000700,0.8107180
6,7,800,0.0001000,0.8174027
6,7,800,0.0001300,0.8202598
6,7,800,0.0001600,0.8222815
6,7,800,0.0001900,0.8240581
6,7,800,0.0002200,0.8248885
6,7,800,0.0002500,0.6435755
6,7,800,0.0002800,0.5002100
6,7,800,0.0003100,0.5004157
6,7,1000,0.0000100,0.5959367
6,7,1000,0.0000400,0.6066219
6,7,1000,0.0000700,0.8206278
6,7,1000,0.0001000,0.8239676
6,7,1000,0.0001300,0.8255628
6,7,1000,0.0001600,0.8267625
6,7,1000,0.0001900,0.8278511
6,7,1000,0.0002200,0.8283745
6,7,1000,0.0002500,0.6440801
6,7,1000,0.0002800,0.5000987
6,7,1000,0.0003100,0.5002310
6,7,1500,0.0000100,0.6093538
6,7,1500,0.0000400,0.6042490
6,7,1500,0.0000700,0.8290684
6,7,1500,0.0001000,0.8293528
6,7,1500,0.0001300,0.8289031
6,7,1500,0.0001600,0.8274695
6,7,1500,0.0001900,0.8231603
6,7,1500,0.0002200,0.8140581
6,7,1500,0.0002500,0.6446842
6,7,1500,0.0002800,0.5000150
6,7,1500,0.0003100,0.5000533
6,7,2000,0.0000100,0.6129419
6,7,2000,0.0000400,0.6028488
6,7,2000,0.0000700,0.8229458
6,7,2000,0.0001000,0.8047563
6,7,2000,0.0001300,0.7526156
6,7,2000,0.0001600,0.5252149
6,7,2000,0.0001900,0.4024428
6,7,2000,0.0002200,0.3811836
6,7,2000,0.0002500,0.6448914
6,7,2000,0.0002800,0.5000023
6,7,2000,0.0003100,0.5000123
6,7,3000,0.0000100,0.6113603
6,7,3000,0.0000400,0.6020588
6,7,3000,0.0000700,0.4654581
6,7,3000,0.0001000,0.3886278
6,7,3000,0.0001300,0.3667040
6,7,3000,0.0001600,0.3589189
6,7,3000,0.0001900,0.3571415
6,7,3000,0.0002200,0.3569412
6,7,3000,0.0002500,0.6448920
6,7,3000,0.0002800,0.5000001
6,7,3000,0.0003100,0.5000007
6,7,4000,0.0000100,0.6088536
6,7,4000,0.0000400,0.6018247
6,7,4000,0.0000700,0.3818009
6,7,4000,0.0001000,0.3599534
6,7,4000,0.0001300,0.3571618
6,7,4000,0.0001600,0.3568930
6,7,4000,0.0001900,0.3566844
6,7,4000,0.0002200,0.3564685
6,7,4000,0.0002500,0.8230494
6,7,4000,0.0002800,0.5000000
6,7,4000,0.0003100,0.5000000
6,7,5000,0.0000100,0.6069767
6,7,5000,0.0000400,0.6016999
6,7,5000,0.0000700,0.3611031
6,7,5000,0.0001000,0.3570352
6,7,5000,0.0001300,0.3567263
6,7,5000,0.0001600,0.3565132
6,7,5000,0.0001900,0.3563443
6,7,5000,0.0002200,0.3561675
6,7,5000,0.0002500,0.8102625
6,7,5000,0.0002800,0.5000000
6,7,5000,0.0003100,0.5000000
6,8,500,0.0000100,0.6578121
6,8,500,0.0000400,0.4442355
6,8,500,0.0000700,0.4043468
6,8,500,0.0001000,0.7104023
6,8,500,0.0001300,0.6268030
6,8,500,0.0001600,0.6803467
6,8,500,0.0001900,0.8068039
6,8,500,0.0002200,0.8093920
6,8,500,0.0002500,0.8112370
6,8,500,0.0002800,0.8126099
6,8,500,0.0003100,0.8136721
6,8,800,0.0000100,0.6592986
6,8,800,0.0000400,0.4061273
6,8,800,0.0000700,0.3795860
6,8,800,0.0001000,0.5006065
6,8,800,0.0001300,0.4160952
6,8,800,0.0001600,0.4128575
6,8,800,0.0001900,0.8164663
6,8,800,0.0002200,0.8178866
6,8,800,0.0002500,0.8188448
6,8,800,0.0002800,0.8195185
6,8,800,0.0003100,0.8200182
6,8,1000,0.0000100,0.6430584
6,8,1000,0.0000400,0.3949587
6,8,1000,0.0000700,0.3628875
6,8,1000,0.0001000,0.4166997
6,8,1000,0.0001300,0.3719046
6,8,1000,0.0001600,0.3663127
6,8,1000,0.0001900,0.8205470
6,8,1000,0.0002200,0.8215662
6,8,1000,0.0002500,0.8222123
6,8,1000,0.0002800,0.8226343
6,8,1000,0.0003100,0.8229266
6,8,1500,0.0000100,0.5508123
6,8,1500,0.0000400,0.3729110
6,8,1500,0.0000700,0.3184570
6,8,1500,0.0001000,0.3574520
6,8,1500,0.0001300,0.3534969
6,8,1500,0.0001600,0.3531596
6,8,1500,0.0001900,0.8265282
6,8,1500,0.0002200,0.8269177
6,8,1500,0.0002500,0.8270837
6,8,1500,0.0002800,0.8271329
6,8,1500,0.0003100,0.8271269
6,8,2000,0.0000100,0.4558779
6,8,2000,0.0000400,0.3479507
6,8,2000,0.0000700,0.2858619
6,8,2000,0.0001000,0.3534089
6,8,2000,0.0001300,0.3528398
6,8,2000,0.0001600,0.3526752
6,8,2000,0.0001900,0.8277294
6,8,2000,0.0002200,0.8271908
6,8,2000,0.0002500,0.8266962
6,8,2000,0.0002800,0.8263338
6,8,2000,0.0003100,0.8260879
6,8,3000,0.0000100,0.4108694
6,8,3000,0.0000400,0.3012418
6,8,3000,0.0000700,0.2591901
6,8,3000,0.0001000,0.3527193
6,8,3000,0.0001300,0.3523913
6,8,3000,0.0001600,0.3522088
6,8,3000,0.0001900,0.4937418
6,8,3000,0.0002200,0.4227903
6,8,3000,0.0002500,0.4066035
6,8,3000,0.0002800,0.4017790
6,8,3000,0.0003100,0.3996300
6,8,4000,0.0000100,0.3968057
6,8,4000,0.0000400,0.2749502
6,8,4000,0.0000700,0.2484310
6,8,4000,0.0001000,0.3523859
6,8,4000,0.0001300,0.3522062
6,8,4000,0.0001600,0.3521403
6,8,4000,0.0001900,0.3866070
6,8,4000,0.0002200,0.3882958
6,8,4000,0.0002500,0.3885906
6,8,4000,0.0002800,0.3930667
6,8,4000,0.0003100,0.3934916
6,8,5000,0.0000100,0.3850783
6,8,5000,0.0000400,0.2611878
6,8,5000,0.0000700,0.2439798
6,8,5000,0.0001000,0.3522410
6,8,5000,0.0001300,0.3521486
6,8,5000,0.0001600,0.3520450
6,8,5000,0.0001900,0.3675801
6,8,5000,0.0002200,0.3882195
6,8,5000,0.0002500,0.3885364
6,8,5000,0.0002800,0.3936731
6,8,5000,0.0003100,0.3939028
7,5,500,0.0000100,0.6294375
7,5,500,0.0000400,0.5666426
7,5,500,0.0000700,0.5409655
7,5,500,0.0001000,0.5316375
7,5,500,0.0001300,0.5273192
7,5,500,0.0001600,0.5249520
7,5,500,0.0001900,0.5233898
7,5,500,0.0002200,0.5222174
7,5,500,0.0002500,0.5212537
7,5,500,0.0002800,0.5204385
7,5,500,0.0003100,0.5197923
7,5,800,0.0000100,0.6145112
7,5,800,0.0000400,0.5442457
7,5,800,0.0000700,0.5295227
7,5,800,0.0001000,0.5249858
7,5,800,0.0001300,0.5227493
7,5,800,0.0001600,0.5212074
7,5,800,0.0001900,0.5199649
7,5,800,0.0002200,0.5188997
7,5,800,0.0002500,0.5179544
7,5,800,0.0002800,0.5171170
7,5,800,0.0003100,0.5164215
7,5,1000,0.0000100,0.6047095
7,5,1000,0.0000400,0.5368342
7,5,1000,0.0000700,0.5264070
7,5,1000,0.0001000,0.5230725
7,5,1000,0.0001300,0.5211184
7,5,1000,0.0001600,0.5196146
7,5,1000,0.0001900,0.5183395
7,5,1000,0.0002200,0.5172121
7,5,1000,0.0002500,0.5162227
7,5,1000,0.0002800,0.5153690
7,5,1000,0.0003100,0.5146636
7,5,1500,0.0000100,0.5829279
7,5,1500,0.0000400,0.5284332
7,5,1500,0.0000700,0.5227165
7,5,1500,0.0001000,0.5201025
7,5,1500,0.0001300,0.5181353
7,5,1500,0.0001600,0.5164754
7,5,1500,0.0001900,0.5150820
7,5,1500,0.0002200,0.5139119
7,5,1500,0.0002500,0.5129140
7,5,1500,0.0002800,0.5120468
7,5,1500,0.0003100,0.5113268
7,5,2000,0.0000100,0.5664658
7,5,2000,0.0000400,0.5250118
7,5,2000,0.0000700,0.5206108
7,5,2000,0.0001000,0.5179323
7,5,2000,0.0001300,0.5157940
7,5,2000,0.0001600,0.5140765
7,5,2000,0.0001900,0.5126682
7,5,2000,0.0002200,0.5114700
7,5,2000,0.0002500,0.5104738
7,5,2000,0.0002800,0.5096473
7,5,2000,0.0003100,0.5089666
7,5,3000,0.0000100,0.5467710
7,5,3000,0.0000400,0.5217385
7,5,3000,0.0000700,0.5175362
7,5,3000,0.0001000,0.5145695
7,5,3000,0.0001300,0.5123542
7,5,3000,0.0001600,0.5105889
7,5,3000,0.0001900,0.5091951
7,5,3000,0.0002200,0.5080790
7,5,3000,0.0002500,0.5071743
7,5,3000,0.0002800,0.5064196
7,5,3000,0.0003100,0.5057969
7,5,4000,0.0000100,0.5368004
7,5,4000,0.0000400,0.5196421
7,5,4000,0.0000700,0.5151391
7,5,4000,0.0001000,0.5121025
7,5,4000,0.0001300,0.5098539
7,5,4000,0.0001600,0.5081668
7,5,4000,0.0001900,0.5068530
7,5,4000,0.0002200,0.5057948
7,5,4000,0.0002500,0.5049386
7,5,4000,0.0002800,0.5042364
7,5,4000,0.0003100,0.5036612
7,5,5000,0.0000100,0.5315756
7,5,5000,0.0000400,0.5179261
7,5,5000,0.0000700,0.5132398
7,5,5000,0.0001000,0.5101539
7,5,5000,0.0001300,0.5079851
7,5,5000,0.0001600,0.5063635
7,5,5000,0.0001900,0.5051017
7,5,5000,0.0002200,0.5040944
7,5,5000,0.0002500,0.5032971
7,5,5000,0.0002800,0.5026581
7,5,5000,0.0003100,0.5021168
7,6,500,0.0000100,0.7724335
7,6,500,0.0000400,0.6775632
7,6,500,0.0000700,0.5224744
7,6,500,0.0001000,0.3699045
7,6,500,0.0001300,0.3688143
7,6,500,0.0001600,0.3679816
7,6,500,0.0001900,0.3673120
7,6,500,0.0002200,0.3667454
7,6,500,0.0002500,0.3662669
7,6,500,0.0002800,0.3658508
7,6,500,0.0003100,0.3654772
7,6,800,0.0000100,0.7554755
7,6,800,0.0000400,0.5609610
7,6,800,0.0000700,0.4534779
7,6,800,0.0001000,0.3680631
7,6,800,0.0001300,0.3670344
7,6,800,0.0001600,0.3662405
7,6,800,0.0001900,0.3656021
7,6,800,0.0002200,0.3650693
7,6,800,0.0002500,0.3646249
7,6,800,0.0002800,0.3642453
7,6,800,0.0003100,0.3639148
7,6,1000,0.0000100,0.7559345
7,6,1000,0.0000400,0.5157503
7,6,1000,0.0000700,0.4222470
7,6,1000,0.0001000,0.3672101
7,6,1000,0.0001300,0.3662041
7,6,1000,0.0001600,0.3654280
7,6,1000,0.0001900,0.3648149
7,6,1000,0.0002200,0.3643127
7,6,1000,0.0002500,0.3638961
7,6,1000,0.0002800,0.3635272
7,6,1000,0.0003100,0.3631930
7,6,1500,0.0000100,0.7274211
7,6,1500,0.0000400,0.4524118
7,6,1500,0.0000700,0.3560178
7,6,1500,0.0001000,0.3656884
7,6,1500,0.0001300,0.3647379
7,6,1500,0.0001600,0.3640370
7,6,1500,0.0001900,0.3634697
7,6,1500,0.0002200,0.3629853
7,6,1500,0.0002500,0.3625845
7,6,1500,0.0002800,0.3622410
7,6,1500,0.0003100,0.3619443
7,6,2000,0.0000100,0.6882212
7,6,2000,0.0000400,0.4135142
7,6,2000,0.0000700,0.3128161
7,6,2000,0.0001000,0.3646551
7,6,2000,0.0001300,0.3637737
7,6,2000,0.0001600,0.3630758
7,6,2000,0.0001900,0.3625326
7,6,2000,0.0002200,0.3620919
7,6,2000,0.0002500,0.3617157
7,6,2000,0.0002800,0.3613851
7,6,2000,0.0003100,0.3610743
7,6,3000,0.0000100,0.5845827
7,6,3000,0.0000400,0.3564699
7,6,3000,0.0000700,0.1943311
7,6,3000,0.0001000,0.3632865
7,6,3000,0.0001300,0.3624484
7,6,3000,0.0001600,0.3618267
7,6,3000,0.0001900,0.3613003
7,6,3000,0.0002200,0.3608868
7,6,3000,0.0002500,0.3605532
7,6,3000,0.0002800,0.3602628
7,6,3000,0.0003100,0.3600068
7,6,4000,0.0000100,0.5252317
7,6,4000,0.0000400,0.3015044
7,6,4000,0.0000700,0.1496865
7,6,4000,0.0001000,0.3623684
7,6,4000,0.0001300,0.3615693
7,6,4000,0.0001600,0.3609664
7,6,4000,0.0001900,0.3605126
7,6,4000,0.0002200,0.3601372
7,6,4000,0.0002500,0.3598218
7,6,4000,0.0002800,0.3595490
7,6,4000,0.0003100,0.3592898
7,6,5000,0.0000100,0.4862344
7,6,5000,0.0000400,0.2377338
7,6,5000,0.0000700,0.1392122
7,6,5000,0.0001000,0.3616889
7,6,5000,0.0001300,0.3609214
7,6,5000,0.0001600,0.3603763
7,6,5000,0.0001900,0.3599405
7,6,5000,0.0002200,0.3595861
7,6,5000,0.0002500,0.3592595
7,6,5000,0.0002800,0.3589739
7,6,5000,0.0003100,0.3587307
7,7,500,0.0000100,0.6440274
7,7,500,0.0000400,0.5488983
7,7,500,0.0000700,0.5348426
7,7,500,0.0001000,0.5294722
7,7,500,0.0001300,0.5273652
7,7,500,0.0001600,0.5008924
7,7,500,0.0001900,0.5000000
7,7,500,0.0002200,0.5000000
7,7,500,0.0002500,0.5000000
7,7,500,0.0002800,0.5000000
7,7,500,0.0003100,0.5000000
7,7,800,0.0000100,0.6054469
7,7,800,0.0000400,0.5361337
7,7,800,0.0000700,0.5271850
7,7,800,0.0001000,0.5244662
7,7,800,0.0001300,0.5232153
7,7,800,0.0001600,0.5008924
7,7,800,0.0001900,0.5000000
7,7,800,0.0002200,0.5000000
7,7,800,0.0002500,0.5000000
7,7,800,0.0002800,0.5000000
7,7,800,0.0003100,0.5000000
7,7,1000,0.0000100,0.5855268
7,7,1000,0.0000400,0.5316104
7,7,1000,0.0000700,0.5249308
7,7,1000,0.0001000,0.5231897
7,7,1000,0.0001300,0.5206436
7,7,1000,0.0001600,0.5008924
7,7,1000,0.0001900,0.5000000
7,7,1000,0.0002200,0.5000000
7,7,1000,0.0002500,0.5000000
7,7,1000,0.0002800,0.5000000
7,7,1000,0.0003100,0.5000000
7,7,1500,0.0000100,0.5599320
7,7,1500,0.0000400,0.5260756
7,7,1500,0.0000700,0.5224448
7,7,1500,0.0001000,0.5186818
7,7,1500,0.0001300,0.5167631
7,7,1500,0.0001600,0.5008924
7,7,1500,0.0001900,0.5000000
7,7,1500,0.0002200,0.5000000
7,7,1500,0.0002500,0.5000000
7,7,1500,0.0002800,0.5000000
7,7,1500,0.0003100,0.5000000
7,7,2000,0.0000100,0.5484962
7,7,2000,0.0000400,0.5234623
7,7,2000,0.0000700,0.5192005
7,7,2000,0.0001000,0.5159968
7,7,2000,0.0001300,0.5143411
7,7,2000,0.0001600,0.5008924
7,7,2000,0.0001900,0.5000000
7,7,2000,0.0002200,0.5000000
7,7,2000,0.0002500,0.5000000
7,7,2000,0.0002800,0.5000000
7,7,2000,0.0003100,0.5000000
7,7,3000,0.0000100,0.5371707
7,7,3000,0.0000400,0.5208026
7,7,3000,0.0000700,0.5152659
7,7,3000,0.0001000,0.5126665
7,7,3000,0.0001300,0.5112272
7,7,3000,0.0001600,0.5008924
7,7,3000,0.0001900,0.5000000
7,7,3000,0.0002200,0.5000000
7,7,3000,0.0002500,0.5000000
7,7,3000,0.0002800,0.5000000
7,7,3000,0.0003100,0.5000000
7,7,4000,0.0000100,0.5312716
7,7,4000,0.0000400,0.5174428
7,7,4000,0.0000700,0.5129007
7,7,4000,0.0001000,0.5106979
7,7,4000,0.0001300,0.5079963
7,7,4000,0.0001600,0.5008924
7,7,4000,0.0001900,0.5000000
7,7,4000,0.0002200,0.5000000
7,7,4000,0.0002500,0.5000000
7,7,4000,0.0002800,0.5000000
7,7,4000,0.0003100,0.5000000
7,7,5000,0.0000100,0.5279358
7,7,5000,0.0000400,0.5153994
7,7,5000,0.0000700,0.5110718
7,7,5000,0.0001000,0.5076274
7,7,5000,0.0001300,0.5062642
7,7,5000,0.0001600,0.5008924
7,7,5000,0.0001900,0.5000000
7,7,5000,0.0002200,0.5000000
7,7,5000,0.0002500,0.5000000
7,7,5000,0.0002800,0.5000000
7,7,5000,0.0003100,0.5000000
7,8,500,0.0000100,0.7464675
7,8,500,0.0000400,0.5029015
7,8,500,0.0000700,0.4049455
7,8,500,0.0001000,0.3807098
7,8,500,0.0001300,0.3745520
7,8,500,0.0001600,0.3712559
7,8,500,0.0001900,0.3710926
7,8,500,0.0002200,0.3715624
7,8,500,0.0002500,0.3753009
7,8,500,0.0002800,0.5006509
7,8,500,0.0003100,0.6365135
7,8,800,0.0000100,0.6982712
7,8,800,0.0000400,0.4222609
7,8,800,0.0000700,0.3771210
7,8,800,0.0001000,0.3708987
7,8,800,0.0001300,0.3688908
7,8,800,0.0001600,0.3678519
7,8,800,0.0001900,0.3670726
7,8,800,0.0002200,0.3666218
7,8,800,0.0002500,0.3661443
7,8,800,0.0002800,0.3703774
7,8,800,0.0003100,0.6328020
7,8,1000,0.0000100,0.6590306
7,8,1000,0.0000400,0.3992380
7,8,1000,0.0000700,0.3724770
7,8,1000,0.0001000,0.3691571
7,8,1000,0.0001300,0.3678326
7,8,1000,0.0001600,0.3669550
7,8,1000,0.0001900,0.3663754
7,8,1000,0.0002200,0.3658778
7,8,1000,0.0002500,0.3653029
7,8,1000,0.0002800,0.3656784
7,8,1000,0.0003100,0.6294715
7,8,1500,0.0000100,0.5649268
7,8,1500,0.0000400,0.3852644
7,8,1500,0.0000700,0.3689596
7,8,1500,0.0001000,0.3673022
7,8,1500,0.0001300,0.3664095
7,8,1500,0.0001600,0.3656107
7,8,1500,0.0001900,0.3649030
7,8,1500,0.0002200,0.3645139
7,8,1500,0.0002500,0.3637672
7,8,1500,0.0002800,0.3638653
7,8,1500,0.0003100,0.6177763
7,8,2000,0.0000100,0.5019738
7,8,2000,0.0000400,0.3808310
7,8,2000,0.0000700,0.3676503
7,8,2000,0.0001000,0.3663527
7,8,2000,0.0001300,0.3653116
7,8,2000,0.0001600,0.3644973
7,8,2000,0.0001900,0.3642405
7,8,2000,0.0002200,0.3633897
7,8,2000,0.0002500,0.3638911
7,8,2000,0.0002800,0.3635688
7,8,2000,0.0003100,0.6075053
7,8,3000,0.0000100,0.4321307
7,8,3000,0.0000400,0.3781335
7,8,3000,0.0000700,0.3662263
7,8,3000,0.0001000,0.3647759
7,8,3000,0.0001300,0.3642078
7,8,3000,0.0001600,0.3646408
7,8,3000,0.0001900,0.3638939
7,8,3000,0.0002200,0.3622630
7,8,3000,0.0002500,0.3620351
7,8,3000,0.0002800,0.3622831
7,8,3000,0.0003100,0.6022862
7,8,4000,0.0000100,0.3996540
7,8,4000,0.0000400,0.3767373
7,8,4000,0.0000700,0.3650743
7,8,4000,0.0001000,0.3645077
7,8,4000,0.0001300,0.3641659
7,8,4000,0.0001600,0.3626720
7,8,4000,0.0001900,0.3617062
7,8,4000,0.0002200,0.3615984
7,8,4000,0.0002500,0.3615131
7,8,4000,0.0002800,0.3614531
7,8,4000,0.0003100,0.6013216
7,8,5000,0.0000100,0.3907883
7,8,5000,0.0000400,0.3758260
7,8,5000,0.0000700,0.3642922
7,8,5000,0.0001000,0.3643528
7,8,5000,0.0001300,0.3624254
7,8,5000,0.0001600,0.3615578
7,8,5000,0.0001900,0.3612493
7,8,5000,0.0002200,0.3613598
7,8,5000,0.0002500,0.3613102
7,8,5000,0.0002800,0.3613466
7,8,5000,0.0003100,0.6011067
8,5,500,0.0000100,0.6345592
8,5,500,0.0000400,0.4592320
8,5,500,0.0000700,0.3793926
8,5,500,0.0001000,0.6424610
8,5,500,0.0001300,0.6634829
8,5,500,0.0001600,0.6821761
8,5,500,0.0001900,0.6984857
8,5,500,0.0002200,0.7120984
8,5,500,0.0002500,0.7227774
8,5,500,0.0002800,0.6994248
8,5,500,0.0003100,0.7049567
8,5,800,0.0000100,0.6113196
8,5,800,0.0000400,0.3950068
8,5,800,0.0000700,0.3190381
8,5,800,0.0001000,0.6524721
8,5,800,0.0001300,0.6731428
8,5,800,0.0001600,0.6907775
8,5,800,0.0001900,0.7058711
8,5,800,0.0002200,0.7184280
8,5,800,0.0002500,0.7283288
8,5,800,0.0002800,0.7010984
8,5,800,0.0003100,0.7069636
8,5,1000,0.0000100,0.6050728
8,5,1000,0.0000400,0.3613455
8,5,1000,0.0000700,0.2930133
8,5,1000,0.0001000,0.6588065
8,5,1000,0.0001300,0.6789527
8,5,1000,0.0001600,0.6958991
8,5,1000,0.0001900,0.7102942
8,5,1000,0.0002200,0.7222531
8,5,1000,0.0002500,0.7317103
8,5,1000,0.0002800,0.7023052
8,5,1000,0.0003100,0.7083644
8,5,1500,0.0000100,0.5877999
8,5,1500,0.0000400,0.3023824
8,5,1500,0.0000700,0.2679039
8,5,1500,0.0001000,0.6726536
8,5,1500,0.0001300,0.6914953
8,5,1500,0.0001600,0.7069898
8,5,1500,0.0001900,0.7199610
8,5,1500,0.0002200,0.7307028
8,5,1500,0.0002500,0.7392498
8,5,1500,0.0002800,0.7055284
8,5,1500,0.0003100,0.7120323
8,5,2000,0.0000100,0.5761820
8,5,2000,0.0000400,0.2739647
8,5,2000,0.0000700,0.2566055
8,5,2000,0.0001000,0.6841606
8,5,2000,0.0001300,0.7018412
8,5,2000,0.0001600,0.7161954
8,5,2000,0.0001900,0.7280805
8,5,2000,0.0002200,0.7378949
8,5,2000,0.0002500,0.7565989
8,5,2000,0.0002800,0.7090253
8,5,2000,0.0003100,0.7159030
8,5,3000,0.0000100,0.5346061
8,5,3000,0.0000400,0.2512495
8,5,3000,0.0000700,0.2491914
8,5,3000,0.0001000,0.7019804
8,5,3000,0.0001300,0.7180579
8,5,3000,0.0001600,0.7307538
8,5,3000,0.0001900,0.7411040
8,5,3000,0.0002200,0.7496092
8,5,3000,0.0002500,0.7568516
8,5,3000,0.0002800,0.7166884
8,5,3000,0.0003100,0.7240478
8,5,4000,0.0000100,0.5132251
8,5,4000,0.0000400,0.2440864
8,5,4000,0.0000700,0.2478604
8,5,4000,0.0001000,0.7154587
8,5,4000,0.0001300,0.7303565
8,5,4000,0.0001600,0.7419158
8,5,4000,0.0001900,0.7512425
8,5,4000,0.0002200,0.7588764
8,5,4000,0.0002500,0.7645167
8,5,4000,0.0002800,0.7248399
8,5,4000,0.0003100,0.7322776
8,5,5000,0.0000100,0.4967559
8,5,5000,0.0000400,0.2421923
8,5,5000,0.0000700,0.2461677
8,5,5000,0.0001000,0.7260741
8,5,5000,0.0001300,0.7401378
8,5,5000,0.0001600,0.7508751
8,5,5000,0.0001900,0.7594763
8,5,5000,0.0002200,0.7638720
8,5,5000,0.0002500,0.7899672
8,5,5000,0.0002800,0.7324744
8,5,5000,0.0003100,0.7393612
8,6,500,0.0000100,0.5615772
8,6,500,0.0000400,0.4044408
8,6,500,0.0000700,0.2948556
8,6,500,0.0001000,0.6675620
8,6,500,0.0001300,0.6876080
8,6,500,0.0001600,0.7036235
8,6,500,0.0001900,0.7161696
8,6,500,0.0002200,0.6455593
8,6,500,0.0002500,0.6459917
8,6,500,0.0002800,0.6462888
8,6,500,0.0003100,0.6465283
8,6,800,0.0000100,0.5360539
8,6,800,0.0000400,0.3211070
8,6,800,0.0000700,0.2102168
8,6,800,0.0001000,0.6748986
8,6,800,0.0001300,0.6943964
8,6,800,0.0001600,0.7095346
8,6,800,0.0001900,0.7213764
8,6,800,0.0002200,0.6456812
8,6,800,0.0002500,0.6460458
8,6,800,0.0002800,0.6462987
8,6,800,0.0003100,0.6465030
8,6,1000,0.0000100,0.5142667
8,6,1000,0.0000400,0.2951384
8,6,1000,0.0000700,0.1810657
8,6,1000,0.0001000,0.6793566
8,6,1000,0.0001300,0.6985167
8,6,1000,0.0001600,0.7131412
8,6,1000,0.0001900,0.7245719
8,6,1000,0.0002200,0.6457432
8,6,1000,0.0002500,0.6460702
8,6,1000,0.0002800,0.6462978
8,6,1000,0.0003100,0.6464816
8,6,1500,0.0000100,0.4522911
8,6,1500,0.0000400,0.2384112
8,6,1500,0.0000700,0.1442645
8,6,1500,0.0001000,0.6892521
8,6,1500,0.0001300,0.7076561
8,6,1500,0.0001600,0.7211936
8,6,1500,0.0001900,0.7317577
8,6,1500,0.0002200,0.6458500
8,6,1500,0.0002500,0.6461013
8,6,1500,0.0002800,0.6462761
8,6,1500,0.0003100,0.6464164
8,6,2000,0.0000100,0.3970521
8,6,2000,0.0000400,0.1750572
8,6,2000,0.0000700,0.1254730
8,6,2000,0.0001000,0.6977081
8,6,2000,0.0001300,0.7154652
8,6,2000,0.0001600,0.7281330
8,6,2000,0.0001900,0.7380070
8,6,2000,0.0002200,0.6459078
8,6,2000,0.0002500,0.6461016
8,6,2000,0.0002800,0.6462344
8,6,2000,0.0003100,0.6463394
8,6,3000,0.0000100,0.3252367
8,6,3000,0.0000400,0.1151174
8,6,3000,0.0000700,0.1079402
8,6,3000,0.0001000,0.7114949
8,6,3000,0.0001300,0.7282127
8,6,3000,0.0001600,0.7395825
8,6,3000,0.0001900,0.7484318
8,6,3000,0.0002200,0.6459353
8,6,3000,0.0002500,0.6460455
8,6,3000,0.0002800,0.6461146
8,6,3000,0.0003100,0.6461646
8,6,4000,0.0000100,0.2917818
8,6,4000,0.0000400,0.1040412
8,6,4000,0.0000700,0.1025442
8,6,4000,0.0001000,0.7223682
8,6,4000,0.0001300,0.7382947
8,6,4000,0.0001600,0.7487471
8,6,4000,0.0001900,0.7568770
8,6,4000,0.0002200,0.6458949
8,6,4000,0.0002500,0.6459457
8,6,4000,0.0002800,0.6459673
8,6,4000,0.0003100,0.6459754
8,6,5000,0.0000100,0.2652404
8,6,5000,0.0000400,0.1029753
8,6,5000,0.0000700,0.0998456
8,6,5000,0.0001000,0.7312545
8,6,5000,0.0001300,0.7465622
8,6,5000,0.0001600,0.7563355
8,6,5000,0.0001900,0.7639361
8,6,5000,0.0002200,0.6458169
8,6,5000,0.0002500,0.6458221
8,6,5000,0.0002800,0.6458058
8,6,5000,0.0003100,0.6457800
8,7,500,0.0000100,0.2641435
8,7,500,0.0000400,0.1016888
8,7,500,0.0000700,0.0794091
8,7,500,0.0001000,0.0716669
8,7,500,0.0001300,0.3767833
8,7,500,0.0001600,0.3822714
8,7,500,0.0001900,0.3722229
8,7,500,0.0002200,0.3716506
8,7,500,0.0002500,0.3711089
8,7,500,0.0002800,0.5000000
8,7,500,0.0003100,0.5000000
8,7,800,0.0000100,0.1905602
8,7,800,0.0000400,0.0822499
8,7,800,0.0000700,0.0687037
8,7,800,0.0001000,0.0748916
8,7,800,0.0001300,0.3005118
8,7,800,0.0001600,0.2892345
8,7,800,0.0001900,0.3694073
8,7,800,0.0002200,0.3687402
8,7,800,0.0002500,0.3681916
8,7,800,0.0002800,0.5000000
8,7,800,0.0003100,0.5000000
8,7,1000,0.0000100,0.1631560
8,7,1000,0.0000400,0.0757363
8,7,1000,0.0000700,0.0671760
8,7,1000,0.0001000,0.0718450
8,7,1000,0.0001300,0.2790722
8,7,1000,0.0001600,0.2592107
8,7,1000,0.0001900,0.3681618
8,7,1000,0.0002200,0.3676027
8,7,1000,0.0002500,0.3672068
8,7,1000,0.0002800,0.5000000
8,7,1000,0.0003100,0.5000000
8,7,1500,0.0000100,0.1213825
8,7,1500,0.0000400,0.0681093
8,7,1500,0.0000700,0.0688654
8,7,1500,0.0001000,0.0735177
8,7,1500,0.0001300,0.2316708
8,7,1500,0.0001600,0.2299535
8,7,1500,0.0001900,0.3667860
8,7,1500,0.0002200,0.3667045
8,7,1500,0.0002500,0.3667845
8,7,1500,0.0002800,0.5000000
8,7,1500,0.0003100,0.5000000
8,7,2000,0.0000100,0.1015494
8,7,2000,0.0000400,0.0671056
8,7,2000,0.0000700,0.0742298
8,7,2000,0.0001000,0.0776244
8,7,2000,0.0001300,0.2227522
8,7,2000,0.0001600,0.2241765
8,7,2000,0.0001900,0.3668608
8,7,2000,0.0002200,0.3672045
8,7,2000,0.0002500,0.3676767
8,7,2000,0.0002800,0.5000000
8,7,2000,0.0003100,0.5000000
8,7,3000,0.0000100,0.0843831
8,7,3000,0.0000400,0.0709086
8,7,3000,0.0000700,0.0845168
8,7,3000,0.0001000,0.0854543
8,7,3000,0.0001300,0.2289999
8,7,3000,0.0001600,0.2303306
8,7,3000,0.0001900,0.3686109
8,7,3000,0.0002200,0.3702167
8,7,3000,0.0002500,0.3717789
8,7,3000,0.0002800,0.5000000
8,7,3000,0.0003100,0.5000000
8,7,4000,0.0000100,0.0757187
8,7,4000,0.0000400,0.0776007
8,7,4000,0.0000700,0.0904731
8,7,4000,0.0001000,0.0891273
8,7,4000,0.0001300,0.2316782
8,7,4000,0.0001600,0.2335686
8,7,4000,0.0001900,0.3722894
8,7,4000,0.0002200,0.3741568
8,7,4000,0.0002500,0.3758383
8,7,4000,0.0002800,0.5000000
8,7,4000,0.0003100,0.5000000
8,7,5000,0.0000100,0.0705715
8,7,5000,0.0000400,0.0832516
8,7,5000,0.0000700,0.0931944
8,7,5000,0.0001000,0.0898193
8,7,5000,0.0001300,0.2306770
8,7,5000,0.0001600,0.2344504
8,7,5000,0.0001900,0.3754243
8,7,5000,0.0002200,0.3773770
8,7,5000,0.0002500,0.3790177
8,7,5000,0.0002800,0.5000000
8,7,5000,0.0003100,0.5000000
8,8,500,0.0000100,0.2465679
8,8,500,0.0000400,0.1568545
8,8,500,0.0000700,0.1235334
8,8,500,0.0001000,0.1129995
8,8,500,0.0001300,0.1109822
8,8,500,0.0001600,0.1174419
8,8,500,0.0001900,0.2245960
8,8,500,0.0002200,0.2219050
8,8,500,0.0002500,0.2170092
8,8,500,0.0002800,0.2154486
8,8,500,0.0003100,0.3600245
8,8,800,0.0000100,0.2084415
8,8,800,0.0000400,0.1294292
8,8,800,0.0000700,0.0910793
8,8,800,0.0001000,0.0831936
8,8,800,0.0001300,0.0815176
8,8,800,0.0001600,0.0747934
8,8,800,0.0001900,0.2200229
8,8,800,0.0002200,0.2178658
8,8,800,0.0002500,0.2053074
8,8,800,0.0002800,0.2049226
8,8,800,0.0003100,0.3594724
8,8,1000,0.0000100,0.1928506
8,8,1000,0.0000400,0.1146175
8,8,1000,0.0000700,0.0788936
8,8,1000,0.0001000,0.0725004
8,8,1000,0.0001300,0.0683011
8,8,1000,0.0001600,0.0676377
8,8,1000,0.0001900,0.2178659
8,8,1000,0.0002200,0.2150383
8,8,1000,0.0002500,0.2030274
8,8,1000,0.0002800,0.2006466
8,8,1000,0.0003100,0.3592719
8,8,1500,0.0000100,0.1706317
8,8,1500,0.0000400,0.0867457
8,8,1500,0.0000700,0.0707771
8,8,1500,0.0001000,0.0758635
8,8,1500,0.0001300,0.0753415
8,8,1500,0.0001600,0.0735921
8,8,1500,0.0001900,0.2111591
8,8,1500,0.0002200,0.2081895
8,8,1500,0.0002500,0.2205935
8,8,1500,0.0002800,0.2001786
8,8,1500,0.0003100,0.3588744
8,8,2000,0.0000100,0.1568350
8,8,2000,0.0000400,0.0739923
8,8,2000,0.0000700,0.0763621
8,8,2000,0.0001000,0.0784826
8,8,2000,0.0001300,0.0731617
8,8,2000,0.0001600,0.0789053
8,8,2000,0.0001900,0.2211185
8,8,2000,0.0002200,0.2041629
8,8,2000,0.0002500,0.2213352
8,8,2000,0.0002800,0.2009430
8,8,2000,0.0003100,0.3585300
8,8,3000,0.0000100,0.1336227
8,8,3000,0.0000400,0.0717845
8,8,3000,0.0000700,0.0827561
8,8,3000,0.0001000,0.0820134
8,8,3000,0.0001300,0.0846812
8,8,3000,0.0001600,0.0977195
8,8,3000,0.0001900,0.2134987
8,8,3000,0.0002200,0.2096634
8,8,3000,0.0002500,0.2030900
8,8,3000,0.0002800,0.2060324
8,8,3000,0.0003100,0.3579435
8,8,4000,0.0000100,0.1145614
8,8,4000,0.0000400,0.0789716
8,8,4000,0.0000700,0.0851045
8,8,4000,0.0001000,0.0830965
8,8,4000,0.0001300,0.0866041
8,8,4000,0.0001600,0.0970483
8,8,4000,0.0001900,0.2189198
8,8,4000,0.0002200,0.2106860
8,8,4000,0.0002500,0.2043387
8,8,4000,0.0002800,0.2159803
8,8,4000,0.0003100,0.3574609
8,8,5000,0.0000100,0.0987200
8,8,5000,0.0000400,0.0823833
8,8,5000,0.0000700,0.0869482
8,8,5000,0.0001000,0.0846815
8,8,5000,0.0001300,0.0905638
8,8,5000,0.0001600,0.0983100
8,8,5000,0.0001900,0.2225690
8,8,5000,0.0002200,0.2127650
8,8,5000,0.0002500,0.2053472
8,8,5000,0.0002800,0.2203868
8,8,5000,0.0003100,0.3570562